participant_id,sex,age,height_in,survey_weight
130378,male,43,70.7,54374.464
130379,male,66,68.6,34084.722
130380,female,44,60.2,81196.278
130386,male,34,68.2,39988.453
130387,female,68,61.4,20776.255
130388,female,27,66.2,30329.536
130389,male,59,66.5,38984.868
130390,female,31,64.3,56314.157
130391,female,33,68.0,60330.824
130392,female,74,59.6,29427.775
130393,male,39,69.1,55085.708
130394,male,51,69.8,51305.024
130395,female,33,62.7,21603.418
130396,female,56,61.0,43795.713
130397,female,67,63.7,38037.401
130398,male,47,62.8,62720.642
130399,male,68,69.6,43156.699
130400,male,26,63.1,173951.062
130404,female,73,67.6,26881.751
130406,female,26,65.2,90097.054
130407,female,73,60.9,17210.974
130408,male,80,63.1,19536.582
130409,male,68,71.3,59547.433
130413,female,67,56.9,18187.081
130415,female,61,60.1,39547.472
130416,female,59,60.7,13043.793
130418,male,53,68.6,60572.008
130422,male,66,66.9,43734.596
130425,female,68,62.2,16236.772
130426,male,67,63.0,10978.367
130430,female,27,66.3,128693.107
130431,female,80,57.4,40949.225
130434,male,54,70.7,23096.419
130436,male,50,67.6,44685.662
130437,female,43,62.2,37632.966
130438,male,63,66.3,54924.19
130441,female,33,64.4,31895.774
130442,male,43,67.2,32666.194
130443,male,41,73.9,111045.836
130444,female,77,65.2,35803.714
130449,female,26,66.8,21770.591
130450,male,54,64.3,48188.908
130453,male,70,73.8,44795.615
130456,female,24,63.3,94228.198
130457,female,38,61.9,19115.039
130461,female,71,63.3,16455.818
130465,male,77,66.5,64497.908
130466,male,69,65.8,38153.603
130467,male,53,66.9,44019.42
130473,female,26,62.2,49391.984
130474,female,55,64.9,48654.929
130475,female,55,64.2,31810.799
130477,male,50,66.3,170886.694
130478,female,69,59.5,13220.966
130484,female,22,65.0,18002.06
130489,male,57,63.4,25517.843
130491,female,69,64.7,16689.511
130493,female,72,63.1,14538.378
130494,female,73,65.7,20438.412
130495,male,60,66.1,33756.117
130497,male,74,66.5,44117.395
130500,female,60,63.5,40879.07
130502,male,71,69.7,14893.664
130503,male,75,68.0,13326.913
130504,female,67,69.0,13779.265
130506,female,22,67.0,31028.268
130508,female,69,64.1,40404.157
130509,female,51,167.2,76821.383
130515,female,54,61.9,122017.193
130517,male,30,66.1,30349.228
130520,male,29,68.8,90661.703
130522,male,58,67.5,21634.566
130523,female,61,66.7,33222.219
130525,male,70,71.7,26509.921
130527,male,79,62.5,57975.95
130530,female,69,67.2,11683.551
130537,male,62,67.6,24863.028
130538,male,63,64.1,31519.193
130540,female,31,66.2,42841.849
130541,female,30,65.1,42605.502
130545,male,32,72.5,36133.921
130546,male,24,67.4,57025.413
130547,male,78,69.2,22106.135
130550,female,66,63.3,37511.726
130552,female,54,65.2,38223.032
130553,female,28,65.2,99181.607
130555,male,64,70.8,50979.058
130557,male,62,66.7,15228.641
130558,male,69,67.6,19744.372
130559,male,66,70.7,29060.796
130562,female,63,56.1,25978.527
130563,male,78,67.6,17645.513
130566,male,66,64.6,16368.345
130568,female,80,63.5,25266.399
130569,female,47,60.5,26113.845
130570,male,56,63.0,40172.559
130571,female,77,62.1,29710.756
130573,female,65,58.7,10797.984
130574,female,20,62.2,51773.905
130576,male,50,66.2,14579.87
130577,female,61,66.1,28542.76
130578,female,51,66.7,52184.225
130579,male,80,67.0,35664.152
130580,male,51,71.6,14825.219
130582,male,32,70.3,64930.685
130585,male,60,66.4,16452.192
130588,female,32,62.8,37834.238
130590,female,51,59.6,102472.124
130596,female,66,62.8,31762.579
130598,male,60,67.4,23945.793
130599,female,54,58.4,65280.5
130600,male,42,69.3,31894.806
130601,female,56,64.4,28966.955
130603,male,75,69.0,18820.787
130604,female,61,58.1,13111.299
130606,female,29,64.3,102885.601
130607,female,36,63.3,33332.562
130609,female,40,60.6,28663.338
130611,female,70,61.0,38927.812
130616,male,43,67.2,21372.782
130617,female,36,62.1,66746.419
130619,male,27,69.3,92645.194
130621,male,68,70.3,32002.125
130623,female,46,172.0,85913.071
130627,male,73,70.2,61898.731
130628,male,22,72.6,34562.539
130629,male,73,69.2,18486.592
130634,female,51,65.4,58155.891
130636,female,57,60.6,40342.582
130637,male,61,68.0,15943.309
130640,female,31,61.3,71999.312
130642,male,43,67.3,39946.65
130643,male,73,64.0,16114.079
130644,female,30,60.4,10553.107
130645,female,47,67.0,16441.526
130646,female,79,63.7,25381.195
130647,male,65,71.2,15578.061
130651,female,80,63.6,21917.542
130652,male,34,67.4,83629.288
130654,female,72,64.7,18007.186
130655,male,69,67.4,19084.881
130656,female,64,62.0,9553.224
130658,male,69,71.2,18033.876
130662,female,52,61.3,71003.184
130663,female,76,65.2,26350.713
130665,female,55,61.4,27691.668
130666,male,57,71.0,51879.966
130667,male,36,71.1,70219.75
130668,female,34,63.2,78214.351
130670,female,70,60.0,15799.872
130671,female,25,65.6,48574.036
130674,female,68,62.9,27937.895
130676,female,25,62.2,130996.215
130683,female,62,62.4,32454.484
130686,male,58,67.4,18830.509
130687,male,73,68.4,18966.27
130688,female,72,62.7,16362.872
130690,male,61,66.1,40099.254
130691,female,32,65.4,39334.51
130692,female,44,67.1,26297.666
130697,female,20,65.1,45083.956
130701,female,33,62.7,21437.144
130703,female,51,62.8,48557.408
130704,male,66,62.7,10842.18
130705,male,64,71.4,8471.5
130707,female,22,67.5,42114.572
130708,female,58,61.6,66902.106
130710,female,77,67.2,21159.898
130711,female,28,67.6,163540.999
130713,male,69,68.3,23834.35
130715,male,48,68.9,58957.823
130717,female,68,64.9,30833.586
130718,male,65,66.4,20362.124
130720,female,46,62.7,52130.961
130722,female,62,67.0,17970.133
130723,male,76,62.2,25924.376
130730,female,76,65.5,45781.036
130734,male,40,72.8,13675.765
130739,male,64,63.7,19333.845
130742,female,62,64.6,15515.499
130743,male,80,65.9,38866.185
130744,female,33,167.3,53225.196
130745,female,38,59.9,44208.982
130746,female,45,62.1,47439.546
130752,female,68,62.6,8991.695
130754,male,62,69.2,74146.297
130759,male,65,68.9,15228.641
130760,male,36,69.6,52922.572
130761,female,43,63.8,21736.195
130762,female,28,64.0,70185.72
130766,male,80,67.8,35641.52
130767,female,70,60.0,13102.733
130768,female,71,61.0,13852.808
130769,male,22,73.0,78574.294
130771,male,57,73.6,48644.128
130774,female,50,60.3,33113.317
130775,male,67,72.3,20888.231
130776,female,40,58.5,14065.01
130777,male,30,73.2,58410.745
130780,female,58,66.2,15053.154
130781,male,66,69.5,6911.401
130782,male,43,68.2,19925.239
130785,male,33,71.4,28532.828
130786,female,73,69.8,15258.768
130788,male,39,73.9,73305.477
130791,female,52,64.4,14038.683
130793,male,71,67.4,71396.56
130796,male,47,66.9,38096.784
130797,male,73,68.7,43577.659
130799,female,47,64.1,138130.736
130800,female,28,60.4,33008.497
130801,male,56,67.0,12146.574
130802,female,63,65.7,13220.966
130804,male,52,65.2,32658.2
130805,female,35,64.6,30241.548
130806,female,77,58.9,12084.306
130807,female,60,63.1,13691.784
130810,male,69,67.0,37278.632
130811,male,59,66.5,31355.738
130815,male,51,73.2,13017.475
130818,female,36,71.9,35170.197
130826,female,79,61.3,19180.972
130827,male,33,69.4,49989.009
130828,female,22,171.5,90422.826
130829,female,73,62.2,33433.828
130830,male,62,69.6,31284.485
130832,female,63,63.9,30846.239
130833,female,42,63.5,83333.458
130835,female,45,65.8,35779.023
130836,male,61,73.1,24473.287
130838,male,60,69.5,58793.394
130841,female,79,64.0,14426.335
130842,male,27,68.9,42601.063
130843,male,46,71.9,71289.06
130845,male,72,69.3,10133.807
130847,male,74,66.9,32148.205
130848,female,33,65.0,43221.706
130856,male,80,66.3,63124.088
130861,female,78,59.4,21412.893
130863,male,80,71.2,32074.275
130864,male,52,69.8,23042.957
130865,female,65,66.5,15999.729
130867,female,49,60.2,67169.125
130868,male,23,66.5,41445.309
130871,female,65,60.3,11502.038
130875,male,71,66.6,14788.13
130878,female,39,58.9,77591.857
130879,female,30,63.3,68891.626
130880,male,67,68.9,56919.762
130881,female,46,66.5,73609.108
130882,male,60,74.1,23162.489
130883,female,40,59.6,92274.23
130884,female,64,66.1,37121.526
130890,male,28,69.6,90440.798
130892,female,70,66.5,34702.532
130893,female,46,64.7,64422.924
130895,female,34,63.3,82393.292
130897,male,29,68.1,77622.508
130899,female,51,65.6,62131.219
130900,female,49,58.5,25163.574
130901,female,79,60.0,34994.343
130904,male,28,69.9,113892.655
130908,male,57,68.9,25147.679
130910,male,32,68.7,33991.177
130911,female,67,58.1,16311.631
130912,female,43,65.7,17488.959
130913,male,37,69.2,30596.855
130915,male,31,68.7,35276.227
130918,male,44,68.9,39879.285
130920,female,52,67.8,64193.699
130921,male,37,71.2,24725.575
130922,female,44,64.9,35178.443
130923,female,77,63.9,16715.355
130924,female,41,67.1,43505.737
130926,female,66,57.5,25801.664
130930,male,62,65.6,27185.462
130931,male,61,70.3,17244.327
130932,male,49,71.5,46195.605
130933,male,23,66.5,59491.852
130934,male,37,69.2,84671.689
130935,male,32,69.5,61276.48
130936,female,63,64.8,41004.317
130938,male,80,68.1,13873.548
130939,female,33,65.2,54766.302
130941,female,45,70.2,60116.596
130942,male,65,67.2,7708.174
130943,female,70,62.8,28537.14
130944,female,30,63.3,24487.14
130945,female,80,57.1,22003.081
130947,female,66,58.7,31958.937
130948,female,80,59.9,14987.276
130950,female,60,68.1,25964.137
130951,female,27,62.9,40640.049
130952,male,32,70.1,56773.464
130956,male,43,77.0,54726.179
130960,female,69,62.6,10132.617
130961,male,29,72.4,78681.3
130964,female,58,67.6,18577.706
130966,female,51,63.1,11511.917
130968,female,35,64.7,46038.376
130970,male,76,67.3,33057.824
130972,female,37,65.9,20768.74
130974,male,43,66.8,27920.285
130975,male,34,69.4,18457.483
130977,male,59,70.4,29078.217
130978,male,75,72.9,63314.661
130980,male,71,66.7,23476.359
130981,female,51,63.7,24582.979
130982,female,71,63.9,25608.765
130983,female,50,61.4,80842.769
130985,male,23,70.9,36338.002
130986,male,62,69.8,26802.994
130992,male,28,69.6,32921.843
130995,female,33,59.1,49215.636
131000,female,52,62.2,45110.021
131001,female,23,65.0,46771.895
131002,female,63,62.5,30220.5
131005,male,64,71.4,41880.35
131006,female,34,66.8,17049.135
131007,female,67,60.9,18464.945
131010,female,73,61.7,37681.492
131012,male,58,72.9,116541.233
131013,male,64,71.5,43196.268
131014,male,73,67.5,31753.268
131016,male,37,68.7,20311.068
131017,female,36,64.4,71276.365
131019,female,46,60.2,60424.783
131023,female,66,62.2,14223.193
131025,female,29,64.9,39483.827
131031,female,25,66.4,77700.553
131033,female,63,61.5,24414.328
131034,female,31,65.9,25479.744
131038,female,40,61.6,15794.796
131041,male,80,69.4,40201.565
131042,female,60,66.9,60593.578
131044,female,64,65.6,33222.219
131046,male,43,73.2,125682.27
131050,male,75,63.1,9118.196
131051,male,62,70.3,7905.38
131052,female,80,60.5,33983.359
131053,female,58,65.3,22052.434
131054,male,56,70.1,11821.199
131056,female,35,66.1,58468.483
131057,male,80,67.8,25358.881
131058,male,55,68.0,42056.067
131059,male,70,65.3,28651.323
131060,female,36,66.8,19437.545
131061,male,72,65.9,18950.826
131063,female,37,62.3,21451.026
131065,male,65,63.5,41642.004
131066,male,60,72.5,13865.28
131070,male,39,70.1,110152.159
131073,male,63,68.8,16155.413
131075,male,61,67.6,45781.897
131077,male,47,66.7,30745.803
131079,male,38,71.8,39207.014
131082,female,31,63.0,35119.857
131083,female,52,61.3,26402.539
131084,female,36,63.0,62309.086
131085,male,80,68.2,19821.929
131093,male,36,68.2,28887.043
131094,female,26,66.2,31606.974
131095,female,50,66.4,35066.811
131097,female,75,62.6,26786.149
131098,female,65,55.9,8825.873
131099,female,62,61.6,28964.788
131100,female,70,63.1,50177.051
131102,female,32,64.8,34345.561
131106,female,57,68.3,76665.119
131108,female,68,62.9,12974.175
131109,male,67,70.9,22281.045
131112,male,42,70.4,68169.088
131117,male,61,68.2,67761.85
131118,male,73,72.6,26236.063
131120,female,62,62.2,17705.263
131121,female,80,61.7,32190.379
131122,female,51,64.2,52739.39
131124,male,80,67.9,86701.804
131126,male,76,71.6,23799.971
131127,male,54,72.4,24310.249
131129,female,69,66.0,24421.256
131130,female,75,68.4,25603.01
131131,male,55,68.6,11349.793
131132,male,80,65.5,30841.606
131135,female,64,62.0,18555.968
131137,female,67,61.5,35321.179
131139,female,40,63.8,33772.423
131144,female,43,65.0,55152.844
131147,female,25,62.4,95835.021
131148,male,66,70.1,17918.676
131153,female,51,67.8,20815.899
131155,male,59,68.3,170886.694
131156,female,33,58.0,30786.888
131157,female,80,59.5,26516.806
131159,male,56,68.6,11215.306
131160,male,43,73.2,55791.245
131163,male,34,68.3,48881.799
131164,male,27,71.1,62343.656
131169,female,78,63.1,34443.1
131172,male,74,70.7,37751.509
131177,female,79,63.8,17865.513
131178,female,65,65.0,17682.599
131180,female,73,62.2,21510.652
131181,female,32,61.8,104560.614
131183,female,75,62.8,14043.453
131187,male,59,169.7,14122.067
131191,female,65,61.9,15926.159
131193,male,71,65.9,29797.775
131194,male,49,65.2,29290.422
131195,female,48,65.7,17744.924
131196,male,23,67.4,75402.78
131197,male,59,68.7,123568.691
131200,female,32,63.2,119853.263
131202,male,80,67.8,12618.406
131203,female,78,62.8,43046.733
131204,female,64,61.4,22060.06
131205,female,62,65.0,34568.444
131208,male,61,72.9,29281.685
131209,female,20,66.1,54244.855
131211,female,30,65.7,49334.922
131215,female,68,56.0,20517.069
131220,male,35,73.5,18653.06
131225,female,32,63.1,21434.864
131227,male,70,62.9,25271.936
131228,male,61,69.7,13163.133
131229,female,58,61.8,15272.382
131234,female,67,63.0,10197.236
131238,male,44,73.1,83158.374
131240,female,48,60.6,22367.359
131241,male,58,68.7,45948.753
131242,female,35,63.6,53946.335
131245,female,63,63.3,12974.852
131248,female,20,65.6,62339.816
131249,female,52,68.4,23215.379
131251,female,65,60.8,18954.827
131254,female,53,58.5,17447.284
131256,male,22,73.1,90468.845
131258,male,41,72.2,67203.926
131263,male,48,71.6,25760.072
131264,female,36,66.1,20474.537
131268,female,42,63.1,35397.741
131269,male,33,64.8,33959.489
131270,female,62,61.8,12801.799
131271,male,55,70.5,121668.552
131273,male,63,70.3,25362.466
131277,female,39,64.1,83646.203
131283,male,24,74.0,45985.743
131284,male,72,64.0,45963.189
131287,female,67,62.8,23584.37
131290,male,38,70.3,28514.197
131291,female,62,65.4,14259.601
131292,male,57,64.5,21238.965
131293,female,51,61.3,58150.067
131294,female,69,63.9,16967.635
131296,male,39,71.6,36547.076
131298,male,36,70.9,13736.585
131299,male,65,69.1,18669.805
131300,female,41,63.7,22545.501
131301,male,35,71.3,19686.57
131302,female,56,63.5,86810.946
131305,male,23,73.0,43663.171
131307,female,73,62.8,20754.63
131308,male,32,72.0,67467.121
131309,female,22,64.1,65633.77
131310,male,45,73.9,93084.866
131312,female,80,60.4,14346.774
131315,female,61,60.5,35086.829
131318,female,58,61.0,17304.088
131322,female,70,61.7,17513.058
131323,female,27,64.6,59019.778
131324,male,80,69.2,10993.009
131326,male,63,69.5,17850.357
131327,female,63,61.1,13680.425
131328,male,62,67.2,15265.795
131331,female,77,63.2,23524.276
131332,female,42,60.6,13187.426
131333,male,76,72.2,32341.993
131334,female,28,68.3,32991.663
131337,male,36,67.6,138507.57
131339,male,74,70.4,14567.332
131340,male,60,66.3,31362.277
131341,female,36,63.7,31808.323
131342,female,61,60.2,22136.803
131347,male,68,67.5,18538.653
131349,female,56,65.4,18737.092
131350,male,66,65.2,18284.885
131351,male,65,74.1,29481.407
131352,male,35,67.7,59003.732
131353,female,56,61.8,46178.27
131359,female,31,64.5,28931.152
131363,female,39,66.5,41048.258
131365,female,63,62.5,22100.604
131366,female,44,68.8,17973.814
131367,female,58,65.7,14336.825
131368,female,74,62.0,16584.659
131369,female,66,59.6,32813.398
131372,female,36,62.7,35492.537
131373,female,65,64.0,15250.119
131381,female,76,64.3,26722.71
131383,female,67,67.6,13277.637
131386,male,35,72.8,42349.377
131389,male,54,68.4,28577.411
131391,female,70,64.6,10530.187
131392,male,59,71.7,81926.965
131393,male,49,67.7,20982.52
131397,male,66,69.6,41186.091
131399,male,48,69.8,31781.504
131401,female,35,64.3,73759.903
131403,female,63,64.0,35649.095
131405,male,22,71.8,102797.572
131410,female,59,63.5,26559.978
131411,female,53,67.7,16842.794
131412,female,21,65.7,112351.761
131414,male,43,74.8,96091.213
131416,female,41,63.1,79432.274
131418,female,76,64.6,43632.516
131419,male,77,168.3,12302.888
131422,male,80,60.7,21483.918
131423,male,77,65.6,58917.593
131426,female,60,61.5,31266.824
131427,male,74,71.5,54398.443
131428,male,71,66.1,30820.584
131431,female,48,60.7,41886.558
131432,male,49,70.3,42580.393
131433,female,25,61.3,30413.16
131437,female,61,61.3,26595.705
131442,male,23,69.2,29426.313
131444,female,23,64.9,120867.219
131446,female,50,65.8,24066.387
131447,male,71,67.9,10960.787
131449,female,79,61.1,13340.231
131450,female,80,64.8,51468.17
131452,female,64,65.6,12116.53
131453,male,27,69.2,156270.07
131455,female,65,64.0,21821.653
131456,male,71,65.6,22669.173
131457,female,73,63.0,17656.075
131458,male,73,73.2,18130.86
131459,female,80,159.9,16516.059
131460,male,49,67.4,106453.778
131461,male,24,71.4,93653.834
131462,female,64,63.3,25994.518
131463,female,35,67.3,47008.951
131464,male,25,71.3,81284.663
131468,male,27,68.3,147803.282
131469,male,21,70.4,46115.764
131471,male,59,72.3,42155.884
131476,female,36,63.3,24324.768
131479,male,32,68.4,29185.386
131481,female,51,66.0,16730.269
131483,female,53,64.6,39435.308
131489,female,23,60.3,33272.657
131491,male,52,71.5,27278.162
131495,female,70,60.7,33961.596
131498,female,41,62.9,11651.128
131501,male,21,69.8,22623.446
131503,male,61,70.8,49426.481
131505,female,68,61.8,28816.885
131507,female,61,60.4,72766.584
131508,female,64,162.3,52183.09
131509,female,45,64.3,34392.706
131510,female,61,60.4,44904.072
131512,female,41,62.6,40411.6
131514,female,70,59.6,43090.614
131518,male,26,69.6,120299.875
131519,male,64,72.2,29991.648
131520,male,47,66.3,12399.501
131521,female,43,61.9,34733.649
131523,male,50,68.0,26535.57
131527,female,59,62.4,24196.716
131528,male,74,68.3,50606.942
131532,female,68,63.4,14449.837
131536,female,59,63.2,9819.065
131540,female,63,64.4,14912.134
131541,female,48,60.7,21520.518
131542,male,31,71.1,189582.538
131544,female,27,59.8,33766.694
131546,male,53,73.1,45946.467
131548,female,50,59.3,103311.832
131549,female,28,60.2,59799.523
131550,female,63,64.9,26221.345
131551,female,65,63.2,22853.522
131553,male,34,67.0,70272.088
131554,female,69,67.3,22308.291
131556,female,66,61.9,45556.901
131557,female,61,63.5,45181.641
131558,male,47,68.7,63378.893
131559,female,80,61.2,25392.338
131560,male,26,69.9,119764.458
131561,female,56,63.6,18495.174
131564,female,45,63.8,34727.939
131565,male,67,68.6,20784.082
131567,female,66,67.0,25041.811
131568,female,52,62.9,34936.609
131569,female,39,63.7,39415.83
131571,male,60,69.8,74425.563
131583,male,57,69.7,32321.972
131584,female,44,63.2,20579.041
131585,male,68,69.9,39199.114
131586,male,48,68.8,82291.367
131588,female,29,61.6,93821.237
131592,male,53,72.6,69475.908
131593,male,64,70.0,36487.612
131594,female,59,56.1,26529.758
131597,male,42,64.2,137269.746
131600,male,62,68.7,32642.208
131602,female,75,63.2,20833.518
131605,female,59,66.1,35685.332
131607,male,56,68.7,92318.408
131610,male,60,68.9,31430.424
131614,female,60,64.6,55907.96
131615,female,35,65.7,102830.777
131616,male,41,69.5,42961.999
131617,female,59,150.2,20040.423
131618,male,45,69.3,26060.002
131619,female,65,63.7,23920.076
131620,male,47,73.7,50045.459
131625,female,78,157.3,34036.412
131626,female,39,66.5,39022.62
131627,male,59,64.7,64921.094
131628,male,72,63.5,35365.873
131629,female,63,65.4,14690.952
131630,male,39,64.8,23677.101
131631,female,59,64.7,45130.982
131637,female,55,60.4,26091.696
131638,male,31,64.3,17130.487
131639,male,63,66.7,21426.846
131642,female,53,68.1,56372.264
131643,male,70,67.8,19641.851
131645,female,34,63.6,33562.178
131646,female,79,61.2,23624.477
131647,male,32,68.0,43127.188
131648,male,44,67.6,153235.695
131649,male,48,73.5,67539.266
131650,male,30,73.1,144194.141
131651,male,46,68.5,61758.069
131654,female,50,62.6,28916.609
131656,female,43,62.9,31188.484
131657,male,20,74.2,113723.463
131658,female,52,61.7,65079.786
131664,male,56,68.7,24022.786
131666,male,58,71.0,12439.4
131668,female,70,58.3,20794.036
131669,female,55,62.7,25360.44
131670,male,53,69.8,104785.782
131672,male,22,64.1,159728.404
131675,male,39,66.8,45548.918
131676,male,42,68.2,62767.495
131677,male,30,64.2,24265.693
131679,female,73,61.1,16241.342
131680,female,35,60.6,30127.292
131681,female,24,64.3,81730.876
131684,male,35,69.3,81994.609
131685,male,66,67.4,25559.137
131689,female,60,62.4,16880.777
131690,male,44,73.5,100323.285
131691,male,42,66.2,31554.406
131692,female,52,65.5,61863.56
131695,male,52,65.0,140464.88
131696,male,74,69.6,12036.12
131697,female,34,64.2,79034.992
131699,female,29,64.9,47476.417
131700,male,65,71.6,17850.357
131701,female,46,63.4,32386.81
131704,female,60,62.4,36353.775
131707,female,48,64.3,27333.871
131708,female,52,65.3,29260.063
131709,male,33,65.5,48544.062
131710,male,64,72.0,29623.844
131711,male,53,69.4,81069.502
131712,male,31,68.6,21291.828
131713,female,62,61.5,22782.43
131714,female,24,62.7,25979.351
131715,female,30,65.7,120620.966
131716,female,65,65.3,37783.044
131718,female,50,64.6,53049.806
131721,female,30,64.6,81609.771
131723,female,58,61.9,100597.012
131725,female,56,65.1,13187.568
131727,male,73,67.5,27523.74
131728,male,52,70.7,41083.973
131729,male,66,67.9,17196.829
131730,female,65,60.9,32963.034
131731,female,69,57.4,26051.613
131733,female,52,66.2,38228.491
131739,male,72,65.4,12879.664
131740,female,59,57.2,11457.755
131741,male,42,71.7,48494.754
131742,female,38,62.6,22562.925
131745,female,48,63.1,38421.743
131746,male,62,69.9,95993.486
131752,female,42,67.0,21802.813
131755,female,59,66.5,36676.529
131756,female,41,58.5,28483.783
131759,male,24,69.9,196966.362
131760,female,76,65.6,39190.06
131762,female,31,57.0,18286.495
131765,female,76,62.0,18493.076
131768,male,34,70.3,12782.99
131769,male,33,71.6,43700.573
131775,female,66,68.5,20492.891
131776,female,80,60.5,65293.142
131782,female,33,63.8,85869.244
131783,female,48,66.6,47395.903
131785,male,35,72.6,30058.329
131786,male,28,68.8,71813.746
131787,male,61,73.3,15838.667
131789,male,38,68.0,39802.322
131790,male,45,67.2,39332.937
131791,male,55,65.2,24295.637
131796,female,75,58.7,24697.19
131797,male,58,66.7,29866.949
131798,female,53,60.2,21804.944
131799,female,49,63.7,33726.83
131800,female,54,62.2,19049.309
131803,female,46,63.7,29438.196
131804,female,40,63.7,52506.136
131805,male,43,64.9,25447.235
131806,male,58,64.2,41647.139
131807,female,70,58.0,18602.085
131808,male,72,67.0,31451.929
131812,male,25,69.2,27324.683
131814,male,45,62.5,37361.77
131816,female,31,69.4,43842.687
131822,male,70,69.1,23666.127
131823,female,65,60.3,25603.589
131824,female,74,57.7,22317.653
131826,female,21,68.4,48578.709
131827,male,52,70.7,18744.256
131828,female,43,62.9,27953.298
131829,female,75,62.4,16467.201
131831,female,69,66.8,22430.369
131833,female,55,61.2,43743.473
131835,male,30,67.6,27822.884
131837,male,59,66.2,27112.684
131838,male,47,68.2,56460.33
131841,male,62,64.4,51651.608
131842,male,25,76.2,54393.895
131844,female,40,63.9,16714.716
131849,male,61,70.6,29968.206
131850,female,73,68.7,39686.991
131852,male,20,73.0,84267.506
131856,female,65,64.9,23168.088
131860,male,25,72.1,31822.989
131862,female,34,68.6,29055.589
131864,male,64,70.3,22370.116
131867,female,22,62.8,24112.899
131871,female,26,62.8,59332.6
131872,male,63,66.3,10609.549
131874,male,41,69.0,42178.842
131875,female,33,58.9,53699.308
131876,female,38,66.5,75862.803
131877,female,70,64.0,23238.307
131880,male,27,61.8,112759.669
131883,male,76,66.0,33692.815
131884,male,66,68.0,27919.139
131890,female,80,60.7,36201.16
131891,female,32,55.2,44174.505
131892,male,69,69.3,35295.914
131898,female,71,63.9,18136.842
131899,female,80,61.8,33312.916
131901,male,31,74.4,30173.106
131902,male,61,66.2,24102.363
131903,female,64,61.8,30431.874
131904,male,25,71.0,65218.876
131905,male,35,70.4,77021.904
131906,female,60,63.3,11062.258
131911,male,37,74.6,59727.348
131912,female,60,58.9,40787.935
131913,male,80,65.0,28516.541
131922,male,38,66.5,19831.906
131923,male,63,66.9,21130.578
131924,female,30,62.3,14004.643
131926,male,59,70.9,123548.494
131928,male,62,63.8,27066.768
131929,female,53,66.9,31758.918
131932,male,75,66.9,18153.976
131934,male,47,70.9,30517.661
131936,female,80,59.2,40343.852
131937,female,72,62.8,12001.973
131938,female,22,65.3,78267.401
131939,female,67,67.8,10116.885
131940,female,65,62.4,30431.874
131944,female,59,64.6,24440.029
131945,male,58,69.2,24004.64
131946,female,77,61.3,27873.355
131947,male,26,69.6,79045.862
131948,female,34,65.1,46216.423
131951,male,69,64.1,25158.491
131954,male,53,66.4,16006.024
131955,female,29,58.5,49100.817
131958,male,20,67.7,45354.025
131959,female,70,59.8,12615.638
131962,female,44,64.4,69127.23
131967,male,71,68.4,16873.558
131970,female,76,61.9,69296.252
131972,female,26,58.0,19404.627
131974,female,34,66.3,13152.456
131975,male,70,62.4,27766.488
131976,female,70,65.9,33798.185
131979,male,37,63.3,80191.756
131985,female,44,66.2,78968.358
131988,female,71,63.9,13756.242
131990,male,50,69.5,17874.692
131991,female,71,66.0,13261.631
131992,female,73,66.3,14138.25
131997,male,69,64.6,13274.549
131998,female,55,65.4,47933.025
132000,female,67,58.9,9553.224
132001,male,64,62.4,29236.932
132007,male,53,69.6,30734.481
132008,female,63,65.8,15995.4
132010,female,32,64.4,74140.772
132011,male,24,72.2,36499.364
132014,female,54,63.1,32766.933
132017,female,53,69.3,18589.961
132021,male,62,74.2,31322.198
132028,female,44,64.4,91187.842
132029,female,56,62.6,135288.943
132030,male,68,72.7,31372.199
132031,female,76,60.1,30891.313
132032,male,52,72.3,122299.28
132033,male,39,68.2,81903.052
132036,male,79,61.0,22518.179
132037,male,65,65.4,20728.519
132038,female,71,61.9,10804.748
132041,male,38,64.2,35401.32
132045,male,30,69.9,24438.639
132046,male,72,67.3,30690.146
132049,male,70,66.7,29797.775
132053,male,34,71.0,68961.004
132055,female,76,62.4,16115.312
132056,female,65,59.8,17624.979
132059,female,37,65.4,26653.021
132060,male,21,71.0,59793.332
132061,male,70,66.9,12879.664
132062,male,60,167.6,51467.011
132063,male,80,67.8,12395.218
132064,male,28,70.7,166307.634
132065,female,79,59.5,34449.504
132067,male,30,68.4,31174.086
132071,female,51,61.9,83422.114
132072,male,58,66.9,18502.858
132073,male,79,67.3,52943.645
132074,male,47,67.9,16190.285
132075,male,69,66.7,49924.99
132077,male,80,61.7,43721.509
132079,female,61,62.8,47703.826
132080,female,80,59.3,35288.08
132085,female,65,64.6,22057.696
132087,female,59,63.0,23891.069
132088,female,73,59.8,33138.186
132092,male,52,71.8,7060.743
132093,female,60,65.2,31179.672
132095,female,70,59.8,14538.378
132097,female,48,63.5,41655.199
132098,female,49,59.2,80604.862
132099,male,61,69.8,9916.517
132101,male,52,71.5,56875.964
132102,female,43,63.3,52374.237
132105,female,80,61.5,33540.374
132107,female,54,64.0,12965.25
132109,female,75,156.1,29487.406
132110,male,51,69.9,64970.952
132112,female,31,57.8,114205.413
132116,female,40,68.1,52160.735
132118,female,78,64.2,14778.793
132121,female,80,61.7,38779.594
132122,female,73,63.3,35447.738
132123,male,55,61.2,53339.024
132124,female,42,60.7,140672.965
132125,female,66,64.1,30830.302
132126,male,26,70.4,131108.73
132127,male,30,73.4,38647.37
132132,female,31,60.5,23256.231
132134,female,74,63.9,17290.479
132135,male,50,67.4,41856.393
132137,male,43,67.5,69714.179
132138,female,22,68.1,82888.752
132141,female,56,168.1,27202.552
132143,female,22,64.5,62876.568
132145,female,59,62.1,55079.828
132147,female,58,63.4,17067.656
132149,male,73,72.4,40353.058
132150,male,56,71.8,39572.06
132151,female,61,61.4,57442.443
132152,male,73,68.0,15981.929
132153,male,30,71.9,20899.465
132154,male,35,67.4,68289.687
132155,female,25,63.4,20669.346
132158,female,80,61.3,19069.903
132159,male,68,66.8,23945.793
132162,female,34,67.0,16435.19
132165,male,26,68.7,63993.514
132167,female,55,58.9,33882.882
132169,male,80,64.6,48331.13
132170,female,29,61.4,90919.644
132171,female,35,65.6,20198.824
132177,male,28,71.6,20965.102
132178,male,67,67.6,23945.793
132180,female,51,64.7,15634.782
132181,male,55,72.0,12810.129
132182,male,66,69.5,22927.049
132185,female,39,62.1,14774.251
132186,female,80,59.9,29439.602
132188,female,29,64.1,48616.42
132189,male,63,70.4,34524.975
132194,male,36,71.5,14769.007
132197,female,70,59.6,20995.419
132198,female,62,65.6,14457.658
132201,female,74,60.8,26476.923
132202,female,31,64.2,69328.483
132203,male,70,64.4,20013.453
132206,male,21,63.6,203878.633
132207,male,21,69.3,53459.549
132209,male,80,67.3,30931.647
132211,female,68,60.2,18433.105
132214,male,76,68.0,14667.476
132215,female,39,61.7,38989.844
132219,male,53,64.2,115572.067
132220,male,42,72.0,43922.592
132221,male,52,70.4,37347.789
132222,male,27,68.5,30291.571
132224,female,54,65.0,32444.616
132226,male,36,71.3,37764.902
132231,male,29,68.6,25143.659
132233,male,40,68.0,25389.818
132235,male,80,68.7,27041.009
132236,female,31,63.3,17993.376
132237,male,76,70.2,25062.31
132239,male,35,67.0,30799.945
132243,female,61,60.7,28423.002
132245,female,61,62.9,34327.474
132248,male,45,69.2,95493.82
132250,male,32,69.1,101570.125
132251,male,44,72.2,33565.352
132252,male,24,66.5,20359.393
132256,female,31,64.8,21578.184
132258,male,62,68.0,67788.265
132259,male,72,73.0,18196.682
132260,female,29,64.9,59400.92
132261,male,80,66.0,58636.579
132262,female,60,62.0,14578.939
132264,male,42,67.3,26807.572
132267,female,80,67.6,69108.618
132269,male,29,72.8,73606.722
132271,female,61,62.8,19033.044
132272,male,67,69.4,17159.714
132273,female,21,69.2,30897.954
132277,female,68,66.5,30717.735
132278,male,69,69.0,44398.158
132280,female,58,62.3,35582.837
132282,female,28,60.4,39085.936
132283,male,71,72.1,14843.939
132284,female,76,63.5,24971.112
132286,male,26,69.4,48750.886
132287,male,61,70.6,15532.507
132288,male,78,68.9,27334.422
132289,female,62,61.2,9553.224
132291,male,75,66.7,18930.162
132296,female,68,60.6,20681.396
132297,female,51,63.3,16816.936
132302,female,74,65.5,28336.707
132303,male,76,172.9,20081.076
132309,female,21,64.7,53025.446
132310,female,47,61.5,18415.205
132311,male,51,68.9,94230.983
132312,female,27,67.1,100903.573
132315,male,66,63.0,31980.753
132316,female,21,64.7,43658.238
132317,male,75,61.9,28070.126
132318,female,55,63.4,61142.18
132325,male,40,66.9,60185.575
132331,male,37,71.3,51620.209
132336,female,38,58.3,120615.909
132337,female,49,61.9,42843.749
132338,male,68,71.4,16163.53
132339,female,55,63.6,10436.427
132340,male,60,68.9,26540.527
132341,female,28,63.5,127880.823
132342,female,61,62.6,52960.673
132344,male,75,67.8,26798.437
132350,female,77,58.5,22218.23
132351,female,27,61.8,32462.898
132353,male,53,73.7,46237.134
132354,female,58,67.0,17123.279
132356,male,49,55.4,36724.449
132358,female,40,63.3,19150.808
132359,male,24,72.8,86080.463
132361,male,62,67.3,28022.128
132363,female,80,60.3,26987.598
132364,male,24,67.9,152255.893
132366,female,79,154.1,22128.118
132368,male,21,70.4,79223.381
132370,male,65,66.0,68371.524
132373,female,80,65.0,52445.308
132375,male,64,71.7,38221.682
132377,male,45,66.5,30853.686
132378,male,74,66.9,10133.807
132380,female,75,59.9,39329.567
132382,male,35,68.5,37693.587
132383,female,73,63.9,37727.305
132386,female,42,62.4,23183.515
132389,female,70,60.4,38800.147
132391,male,35,70.7,37066.421
132392,male,60,68.9,8321.018
132393,female,27,68.3,19988.558
132397,female,80,63.3,54258.541
132398,male,31,68.0,24838.002
132399,female,27,60.9,28063.367
132400,female,65,66.3,18672.251
132403,male,58,63.9,37286.415
132404,male,55,66.5,61236.982
132406,male,23,64.8,21014.786
132407,female,32,64.2,106795.731
132408,male,37,73.4,74071.464
132410,male,51,66.5,88578.836
132411,female,45,60.4,72369.146
132412,female,38,64.4,36807.049
132416,male,31,67.2,31792.045
132417,female,64,63.1,28549.785
132419,female,36,66.2,21051.819
132421,male,34,68.9,59281.14
132422,female,54,62.8,40364.795
132425,female,55,68.0,14734.284
132428,male,25,68.2,52333.873
132429,male,32,69.3,56002.922
132431,female,55,69.4,27607.342
132432,female,26,63.9,68256.91
132434,female,80,61.4,52266.544
132435,male,39,67.6,51163.404
132436,female,46,63.9,19322.364
132437,male,66,64.9,31959.57
132438,male,56,75.4,9768.703
132439,male,61,69.5,68817.821
132440,male,37,64.9,110056.771
132442,male,29,70.0,66322.007
132444,female,79,62.7,15926.197
132445,female,62,64.6,30181.735
132446,female,80,64.8,21749.811
132448,female,63,60.5,41288.379
132450,male,29,72.3,48311.256
132451,male,59,65.0,47395.656
132453,male,61,68.9,45164.797
132456,male,28,70.7,56327.1
132457,male,80,60.4,22329.658
132459,male,80,67.3,19708.082
132462,female,38,63.9,18520.585
132463,male,72,70.7,10791.98
132467,male,67,69.8,20201.105
132468,female,73,62.1,41931.435
132469,male,43,72.6,45388.088
132471,female,58,64.9,14942.151
132472,female,72,61.4,33223.382
132474,female,63,67.6,14119.687
132477,male,58,70.7,38403.387
132481,male,60,66.8,30593.506
132484,female,42,66.9,15439.274
132486,female,51,67.4,95200.544
132491,male,33,70.4,16412.42
132492,male,52,63.8,118959.357
132493,male,61,67.6,42227.199
132499,male,70,68.2,18438.059
132500,female,54,62.8,54778.016
132502,male,69,63.5,25676.036
132505,female,31,63.3,39196.092
132507,female,80,64.0,39874.627
132508,female,46,61.2,25308.254
132510,male,56,66.7,51166.045
132513,female,33,59.3,49230.566
132516,male,68,67.3,21181.27
132518,female,37,64.6,49275.051
132520,female,35,66.4,68716.896
132521,male,55,70.2,30206.659
132522,female,64,155.4,64030.512
132523,female,44,61.9,50949.444
132524,male,41,68.4,63193.936
132525,male,67,68.2,26598.192
132526,female,23,67.3,149191.816
132533,male,72,72.4,51686.818
132534,female,48,64.7,16167.915
132538,male,30,64.1,40561.81
132539,male,70,64.6,17336.331
132540,male,67,64.3,22337.709
132545,male,52,77.1,43344.504
132546,male,49,73.0,73857.131
132547,male,64,67.3,26595.256
132548,female,61,63.0,16235.026
132549,male,65,68.1,24215.881
132550,female,62,60.9,13058.408
132552,female,29,61.3,28594.935
132553,female,35,64.6,34656.417
132554,female,29,59.0,53052.024
132555,female,72,61.5,22401.176
132556,female,53,61.6,12178.872
132558,male,60,66.5,31019.017
132559,female,68,65.4,14259.601
132560,female,30,62.0,22423.561
132562,female,52,64.5,63560.291
132564,male,80,63.9,17576.297
132566,male,67,70.8,8119.254
132567,male,55,68.9,36226.386
132571,female,77,64.1,44856.7
132572,male,42,68.8,72852.565
132573,female,70,67.3,39223.93
132576,male,44,67.5,33578.014
132579,female,43,61.0,34758.153
132583,male,40,72.1,102418.715
132584,female,34,63.2,20607.915
132585,female,74,61.0,13606.197
132586,female,71,63.9,38741.934
132587,male,24,73.6,70324.921
132591,female,32,63.0,32393.311
132594,female,43,63.1,34727.939
132596,female,62,62.9,12495.644
132597,male,38,71.8,27007.142
132601,female,47,63.9,44772.673
132610,female,43,60.0,48874.203
132612,male,30,70.1,91396.888
132617,male,28,73.5,165724.314
132618,male,67,69.9,40205.925
132619,female,54,60.5,70576.529
132622,male,55,67.9,74790.962
132623,female,75,62.1,16025.08
132625,male,61,74.0,48377.89
132631,female,29,65.6,109935.044
132632,female,23,63.7,63656.407
132633,female,66,69.0,56287.902
132635,male,71,69.8,15923.258
132636,female,59,65.0,71239.908
132638,female,23,63.9,89665.32
132639,male,22,69.3,132830.164
132641,male,45,74.6,37758.637
132642,male,60,74.2,20888.231
132645,female,31,63.3,98350.143
132646,female,63,66.1,25097.079
132647,male,35,67.0,14027.452
132648,male,67,67.8,44654.663
132651,male,66,69.0,16363.578
132652,female,68,60.3,29614.416
132653,male,29,70.9,92645.194
132655,female,56,65.2,41827.276
132661,male,63,69.9,44797.033
132662,male,25,73.5,21612.751
132663,female,60,60.1,14779.62
132666,female,62,66.9,18489.512
132667,female,32,64.5,72938.672
132669,male,35,72.4,185289.839
132672,female,69,62.3,20656.125
132675,female,24,65.4,29509.889
132678,male,65,68.8,8212.712
132679,female,53,62.8,35327.806
132683,male,70,172.7,17822.025
132684,female,43,61.2,40242.45
132690,female,51,63.3,81688.173
132691,female,39,65.1,60251.145
132692,male,44,62.7,19425.079
132693,male,37,67.6,40269.027
132696,female,50,62.5,49180.589
132699,female,37,67.1,12465.446
132706,female,21,61.6,122664.218
132710,female,24,63.5,19719.118
132711,male,60,68.4,29623.844
132720,female,37,56.3,63980.728
132721,male,33,66.8,57600.058
132722,male,45,72.9,53597.87
132723,male,35,70.8,58044.313
132725,male,44,69.4,10854.536
132727,female,66,64.4,18877.116
132728,female,58,66.9,8070.293
132729,male,60,65.6,64597.548
132730,female,68,64.6,18000.371
132733,female,44,60.3,25438.773
132738,male,64,68.1,7331.12
132739,male,63,69.2,21809.092
132740,male,71,66.1,20108.71
132741,female,70,63.1,15615.552
132744,male,75,67.4,18960.247
132745,female,75,60.3,11468.579
132746,female,71,60.8,15783.42
132748,male,23,66.7,63569.172
132749,female,35,64.5,17609.993
132750,female,35,62.6,59751.141
132754,female,52,62.8,59990.818
132755,female,57,64.2,91924.354
132756,male,58,66.4,143346.613
132757,female,61,68.7,19051.566
132758,female,33,62.0,23626.638
132760,male,60,71.7,6911.401
132761,female,45,65.7,16173.924
132762,female,61,61.1,25994.518
132763,male,31,68.5,86338.447
132765,male,70,64.2,25303.867
132768,female,54,61.3,20232.081
132770,female,76,64.7,12497.021
132771,male,64,74.0,6584.33
132780,female,70,63.3,42092.652
132782,female,79,63.0,23789.113
132784,female,75,63.3,28132.553
132785,female,27,64.2,50792.776
132786,male,74,68.7,15039.425
132787,male,38,70.0,227108.297
132788,male,41,71.1,62274.461
132791,male,61,74.6,36612.388
132793,male,68,68.6,28286.224
132795,female,62,62.7,16013.08
132797,male,70,69.1,11937.821
132801,male,35,68.0,72739.375
132802,male,64,66.8,43361.174
132803,male,57,72.1,14058.281
132804,female,70,64.6,23700.364
132805,female,39,59.8,15725.144
132807,female,38,66.8,18680.222
132808,male,73,68.0,10133.807
132809,male,51,69.2,52089.202
132810,female,48,64.1,53067.78
132811,female,80,56.6,62376.101
132814,female,64,60.0,42505.14
132815,male,30,71.3,95153.041
132817,female,54,63.8,16785.958
132818,female,30,63.1,34404.797
132819,male,79,70.7,27386.477
132820,male,73,70.6,12036.12
132825,male,39,66.3,56756.857
132827,male,68,69.7,21605.745
132829,male,73,191.5,10102.869
132832,female,47,61.5,22159.778
132835,female,76,65.6,16767.185
132837,male,60,66.9,44865.629
132838,female,39,63.7,103669.275
132840,male,65,66.5,23421.891
132846,female,68,60.8,20212.972
132847,female,74,62.9,14987.276
132848,female,74,61.8,43418.227
132850,female,34,61.4,107472.829
132851,female,43,67.6,30270.908
132855,female,20,62.6,65046.675
132862,male,31,67.6,30953.358
132864,female,57,63.5,33187.729
132865,male,72,68.2,19768.27
132868,female,69,59.4,27233.866
132869,male,70,68.1,19171.658
132870,male,71,65.0,21251.328
132872,female,26,63.1,42625.118
132873,male,61,69.9,40999.468
132875,male,71,67.4,18574.731
132876,male,32,73.7,113360.935
132877,male,79,70.1,18551.23
132878,male,30,64.1,26037.884
132881,female,65,63.1,26488.509
132883,female,22,67.8,39033.42
132884,male,72,69.0,22705.83
132885,male,61,67.5,19740.885
132889,female,79,61.2,35072.693
132891,female,32,63.0,91319.72
132893,male,67,67.6,25097.037
132895,male,64,65.7,22516.191
132899,male,55,69.6,28250.511
132900,male,77,66.9,23174.41
132902,female,46,65.6,16343.391
132903,male,51,67.3,22994.921
132904,female,80,62.6,25709.736
132905,female,56,61.5,34153.275
132908,female,39,63.4,49928.13
132910,female,39,58.3,18962.662
132911,male,76,63.2,16797.816
132913,female,59,68.7,17378.09
132914,female,43,62.3,55774.826
132916,female,62,67.0,17344.791
132920,female,24,64.4,30741.765
132921,male,31,71.7,48066.323
132922,female,79,61.8,64986.989
132924,male,80,69.0,36572.306
132926,female,65,62.3,42312.974
132927,male,65,69.5,7036.778
132928,male,80,69.3,19252.313
132929,female,72,58.6,30869.083
132931,male,37,69.0,133402.507
132932,female,54,65.0,14738.241
132934,male,71,60.9,33892.057
132937,female,80,64.5,40005.981
132938,male,58,68.6,64484.873
132941,female,58,61.2,42588.308
132942,male,31,72.2,74012.083
132945,male,65,71.0,25511.338
132947,male,29,71.7,28542.224
132950,male,24,71.3,55022.626
132952,female,35,62.2,133017.033
132956,female,54,65.2,42238.107
132957,male,20,65.0,72076.379
132958,female,70,63.5,23246.297
132959,male,56,68.4,29774.902
132961,female,75,61.4,16701.994
132962,female,65,66.5,13680.425
132963,female,69,63.1,8317.539
132964,female,58,63.3,86133.224
132965,female,64,63.7,27787.925
132970,female,40,61.7,40674.631
132971,female,39,60.5,18620.364
132972,female,47,65.9,33676.814
132977,female,58,63.3,40807.936
132978,male,23,68.0,36338.002
132979,male,63,72.1,40454.704
132983,female,38,67.8,57863.923
132990,female,60,66.4,14605.173
132991,female,64,64.3,25884.286
132992,female,74,61.9,32132.367
132994,female,65,66.8,15028.911
132995,female,66,63.1,26445.187
132996,male,51,69.4,109664.432
132998,male,66,63.5,9982.491
133002,male,28,67.2,75104.021
133003,male,77,68.3,19953.372
133009,male,26,70.8,35102.396
133010,female,64,63.1,24505.998
133013,female,23,69.2,48013.365
133015,female,28,63.4,29842.226
133018,female,71,61.9,14720.795
133019,female,64,66.3,21855.824
133020,female,67,62.7,26595.705
133022,male,42,66.5,37656.066
133023,female,56,59.8,18415.625
133024,female,69,64.0,26921.257
133025,male,65,70.9,61518.592
133027,male,36,67.0,62056.804
133028,female,79,63.1,20816.835
133030,female,63,65.9,37372.116
133031,female,66,61.3,28930.224
133033,female,58,66.3,128866.295
133035,female,29,65.6,42662.91
133038,female,60,62.4,20746.644
133041,female,42,67.2,64890.954
133042,male,68,64.8,20461.653
133044,female,25,63.0,35736.407
133046,female,23,68.7,21715.71
133049,female,75,60.9,18367.764
133050,male,80,63.0,33919.436
133051,female,40,62.7,103203.535
133053,male,70,73.8,27343.742
133055,male,26,69.7,24867.409
133056,female,60,171.2,48665.84
133057,female,62,65.8,44370.657
133058,female,38,66.9,165130.836
133059,male,63,68.4,27346.105
133060,male,57,71.3,37748.748
133065,male,59,64.1,115099.746
133066,female,70,60.3,40209.363
133068,female,68,65.5,11062.258
133069,female,70,62.6,17584.382
133071,female,67,61.6,35177.332
133074,female,66,67.8,18937.969
133076,male,59,68.1,96944.663
133077,male,69,72.2,78032.53
133078,male,63,72.6,17776.145
133080,male,38,70.8,57642.682
133081,male,76,65.3,22306.207
133082,female,37,58.9,43923.97
133083,male,78,65.6,22020.347
133089,female,39,64.0,29502.27
133091,female,80,56.5,21709.827
133092,male,67,69.4,86829.912
133093,female,61,60.7,15536.324
133095,female,54,63.9,62024.831
133096,male,69,66.6,11440.21
133097,female,80,64.6,18104.599
133098,male,71,70.1,8368.546
133099,female,65,59.7,10098.711
133100,female,63,65.7,21311.783
133101,male,45,70.7,12650.559
133104,female,62,63.5,17646.659
133106,female,66,66.7,58924.531
133108,male,45,69.6,108758.857
133109,female,69,59.4,37115.006
133111,female,61,62.9,23607.796
133112,male,37,70.8,18154.069
133113,female,37,68.7,36528.876
133114,male,69,69.5,12837.316
133115,female,43,63.4,80402.445
133116,male,53,67.6,17319.54
133123,male,80,68.2,21518.944
133125,male,40,71.9,70903.108
133127,female,21,67.2,133400.727
133129,female,80,59.1,94779.683
133130,female,61,61.2,19974.862
133131,female,55,64.6,60005.265
133133,male,32,68.9,48433.22
133134,male,28,70.6,31751.863
133135,male,61,70.6,11121.158
133139,male,80,66.6,56920.857
133140,female,52,64.1,16788.948
133143,female,31,66.6,41652.377
133144,male,46,70.4,70453.475
133147,female,67,64.2,11116.571
133150,female,24,65.9,33779.799
133151,female,80,59.9,60055.835
133153,male,24,72.0,31271.43
133156,male,71,65.8,15236.395
133159,female,63,63.5,26145.764
133160,male,75,72.2,12462.027
133161,female,51,64.1,136572.86
133167,male,43,176.0,84144.397
133169,female,48,64.7,12720.698
133170,female,67,160.4,12238.614
133171,male,55,69.1,117416.849
133172,male,60,74.6,41480.684
133174,male,39,69.1,45668.789
133177,male,63,64.9,16246.342
133178,female,80,156.2,91226.945
133179,male,45,68.7,91330.322
133181,female,33,63.1,100003.432
133182,male,37,76.3,102726.917
133184,male,56,70.7,51908.916
133185,male,69,69.1,37101.162
133188,female,80,61.3,54450.676
133191,female,58,65.8,38026.481
133192,female,68,64.2,24465.419
133193,male,70,68.7,9452.005
133194,female,32,59.7,17599.319
133195,male,33,63.6,30078.481
133202,male,30,75.7,123844.427
133206,female,69,60.7,17597.33
133208,male,57,66.8,72660.7
133209,female,66,63.1,17264.604
133210,male,40,74.8,128527.99
133211,male,58,73.8,19492.434
133212,female,58,67.3,12923.305
133215,male,76,67.6,33515.602
133216,female,51,65.2,34391.84
133218,male,65,70.2,56919.762
133221,male,74,69.3,36660.936
133222,female,46,60.4,122230.534
133223,female,32,60.4,20230.411
133224,female,73,64.9,18688.325
133225,female,58,62.9,7574.748
133229,female,32,63.5,77244.748
133230,male,44,67.7,54517.873
133233,female,65,59.4,7869.009
133234,female,38,63.6,30147.968
133235,male,36,70.6,55208.236
133236,male,60,72.3,33008.663
133243,female,44,63.5,54071.153
133246,female,62,64.6,15515.499
133249,male,41,72.2,19227.254
133250,female,57,65.1,53850.881
133251,male,68,70.9,38094.642
133255,male,52,70.1,39224.604
133261,female,79,63.5,36936.968
133262,female,21,65.8,57218.029
133263,male,34,71.3,59638.106
133265,male,55,72.5,81837.311
133266,male,62,67.5,18317.748
133270,male,60,69.0,15907.069
133271,female,80,63.7,17803.321
133273,female,59,66.3,36938.744
133277,female,60,64.1,30863.342
133278,female,80,57.8,23355.132
133279,male,54,64.2,39181.152
133283,female,73,60.7,35858.172
133284,female,36,66.5,24576.603
133287,male,71,70.9,15024.143
133289,female,28,65.9,23116.754
133290,female,69,66.7,19881.884
133291,male,68,72.4,12584.568
133292,male,71,68.5,18194.197
133293,male,68,67.3,18965.879
133296,male,80,68.9,39470.382
133298,female,42,62.5,64014.766
133299,female,57,63.7,30067.92
133300,male,54,71.7,60716.383
133302,female,66,64.6,36346.508
133303,female,71,61.0,18615.211
133305,female,39,65.4,21104.788
133307,female,58,64.2,26178.11
133310,female,63,59.6,29105.597
133311,male,40,66.3,17440.118
133314,male,34,69.8,17311.16
133315,male,76,76.3,29585.336
133316,female,61,60.7,20052.543
133317,male,41,72.2,108758.857
133318,male,63,65.0,18426.735
133320,male,47,74.0,42562.382
133324,female,63,61.6,34083.911
133325,male,40,73.0,59036.788
133326,female,78,60.0,62741.996
133329,male,55,71.1,34000.538
133334,male,75,66.1,13632.181
133336,female,63,61.7,32343.229
133337,female,49,59.6,125233.134
133338,male,42,60.1,76546.556
133340,female,80,64.0,31826.796
133342,female,46,65.6,47425.763
133343,male,59,66.6,19590.258
133344,female,73,60.6,24553.609
133346,female,51,60.4,85470.399
133348,male,47,72.7,27150.51
133350,male,67,67.6,17766.658
133352,male,22,69.2,61880.817
133356,female,77,60.1,22091.579
133358,female,80,63.6,27089.945
133360,female,55,63.5,18393.925
133361,female,41,58.6,89531.979
133362,male,77,63.1,8641.543
133369,female,63,64.0,15515.499
133370,female,26,64.8,45840.579
133373,female,24,67.2,71909.382
133379,female,71,62.0,50363.001
133380,female,69,60.1,11006.216
133382,female,66,64.8,77064.393
133386,female,58,62.8,15053.154
133388,male,32,72.3,36013.063
133389,male,70,68.7,18897.909
133390,female,49,65.5,29211.698
133393,male,45,70.9,33943.421
133394,female,62,63.5,14065.308
133395,female,57,64.6,12345.405
133396,female,48,68.5,98818.491
133399,female,58,64.3,17995.607
133401,male,59,69.3,45178.271
133402,female,51,60.4,39905.822
133406,female,39,64.9,117358.61
133414,female,45,68.9,32318.405
133418,female,36,61.1,63075.874
133421,female,29,61.5,77823.047
133422,male,37,70.7,33671.53
133425,male,31,65.6,24174.832
133426,female,43,64.3,32155.762
133427,female,43,63.4,62924.941
133430,female,74,64.3,68154.145
133434,female,30,65.4,13343.833
133438,male,32,72.2,63053.43
133439,female,43,62.1,51639.972
133440,male,43,69.6,19370.905
133441,female,49,65.4,36119.706
133448,male,56,69.1,81790.098
133451,male,48,69.3,47985.677
133453,male,43,70.8,64660.206
133454,male,37,70.8,119454.697
133457,female,39,60.4,14024.274
133459,male,77,64.8,14292.239
133461,female,67,59.0,14737.292
133465,female,68,60.0,23697.047
133470,female,35,61.9,35589.286
133472,female,80,65.6,23782.226
133474,female,65,62.8,10612.439
133476,female,55,61.9,48473.775
133478,female,80,59.8,26424.33
133479,male,50,69.9,61422.825
133480,male,50,76.6,86944.118
133481,male,29,67.7,83250.124
133482,male,76,65.3,15255.344
133484,male,74,69.1,35365.873
133487,male,77,69.4,19251.569
133489,female,54,61.8,77440.882
133490,male,64,74.3,32606.53
133491,female,68,162.2,32369.552
133492,male,45,73.5,27755.705
133494,female,43,65.9,67603.255
133496,male,25,69.0,45518.677
133504,male,45,70.3,34692.762
133506,male,79,60.3,12977.093
133508,male,50,64.8,36093.818
133510,male,22,67.6,62727.698
133511,female,62,65.6,75027.596
133513,female,71,61.2,34234.724
133515,male,52,72.8,33034.378
133517,female,73,157.2,17878.089
133520,female,30,64.7,32190.997
133522,male,80,64.0,39757.1
133524,female,39,63.9,55062.866
133525,female,59,61.5,28705.921
133526,female,58,60.7,26652.492
133529,male,62,66.4,28722.936
133530,male,62,66.4,23812.184
133531,female,68,60.9,25052.354
133532,male,63,69.8,22006.123
133533,male,56,70.7,32693.412
133535,female,29,68.3,54543.023
133536,male,68,67.1,38388.368
133537,female,50,64.2,29654.761
133539,female,80,65.0,27288.962
133541,female,46,64.5,58494.784
133543,female,69,60.6,15656.294
133545,female,80,61.0,51844.867
133547,female,37,63.7,35631.38
133548,female,75,60.0,37999.883
133549,male,21,73.7,50886.169
133550,female,34,68.7,22903.911
133551,female,49,64.9,103151.384
133554,female,37,67.1,79674.094
133555,female,58,65.8,16434.826
133556,male,79,67.8,27608.493
133558,male,66,73.4,27678.606
133559,male,38,71.6,112003.105
133560,female,60,64.4,21800.314
133563,male,80,66.7,20601.673
133566,female,67,63.5,19278.277
133567,male,80,68.6,19632.088
133569,female,69,60.8,27546.034
133570,male,29,69.3,99251.723
133571,male,71,67.1,14584.939
133575,male,80,66.7,36814.296
133576,male,40,72.8,77254.871
133579,male,56,67.8,136222.232
133582,male,75,73.0,14173.063
133583,female,64,61.7,22263.646
133584,male,75,67.2,11685.443
133588,male,38,72.7,57123.553
133590,female,62,65.3,15739.401
133593,male,30,69.7,136113.527
133594,male,38,71.1,84941.832
133596,male,57,72.2,38680.372
133597,male,56,71.1,64430.894
133598,female,62,65.6,21864.1
133600,female,74,62.3,8953.834
133602,male,69,71.9,12745.148
133603,male,64,66.9,42916.018
133613,female,39,67.5,17687.813
133615,male,54,64.4,27633.751
133617,female,60,64.1,28960.094
133621,female,72,62.0,8694.915
133622,male,54,69.1,68790.813
133624,female,49,64.8,28434.213
133627,male,57,71.1,52614.429
133628,male,53,67.6,31860.422
133630,male,40,71.7,78558.22
133631,male,62,67.8,21872.086
133633,female,73,61.1,28557.944
133634,male,50,67.2,30594.066
133635,male,44,69.0,24358.398
133637,female,54,65.9,34205.616
133638,female,31,61.6,49954.816
133640,female,30,62.2,32314.661
133641,female,45,64.1,21415.609
133642,male,67,67.7,31075.156
133645,male,58,73.7,18627.935
133646,female,21,67.6,21489.166
133648,female,28,66.9,26422.905
133650,female,66,61.4,7265.937
133657,male,35,63.1,33600.847
133664,male,67,67.0,9037.731
133666,male,33,71.4,84930.439
133670,male,21,73.8,80199.916
133676,female,60,60.7,13255.891
133678,female,80,60.7,55434.474
133680,female,28,62.9,174571.304
133681,male,35,68.9,116267.467
133683,female,56,58.0,18618.745
133684,male,47,66.8,35565.948
133686,male,63,72.4,43196.268
133688,female,55,65.1,22892.594
133689,male,55,71.7,73002.681
133690,male,72,66.6,25100.44
133692,male,64,67.0,24748.025
133693,female,59,158.1,16678.374
133694,male,56,69.7,42191.801
133698,female,66,69.2,21070.447
133700,female,68,60.0,13680.425
133702,female,62,63.2,13134.962
133703,male,27,68.8,48728.046
133704,male,68,69.7,64016.829
133706,female,39,62.5,57646.07
133707,female,43,66.7,26345.89
133713,male,80,66.3,33681.362
133715,male,70,71.3,33627.773
133717,female,23,66.7,93631.574
133718,male,40,68.5,72598.394
133723,female,58,63.8,100207.595
133725,female,60,64.4,13673.886
133726,female,68,64.4,11329.343
133730,female,27,65.7,41589.397
133731,male,31,69.8,11247.223
133732,female,27,62.4,41302.004
133733,female,56,60.2,44019.153
133741,female,36,63.8,13595.901
133743,male,60,71.2,14759.936
133748,male,65,71.0,18538.054
133751,female,36,64.3,49857.612
133753,male,73,67.8,27811.751
133760,female,22,64.1,59930.896
133762,male,39,65.9,35276.227
133764,male,48,69.1,26385.931
133766,female,66,64.1,23564.353
133769,female,31,58.9,33654.963
133772,female,24,61.6,57958.504
133773,female,44,64.4,70578.565
133774,male,68,69.4,30794.677
133777,male,57,67.4,29955.423
133778,male,31,65.8,33729.358
133779,female,69,61.4,43638.115
133780,female,70,64.3,32281.546
133781,male,70,64.1,16740.305
133782,male,39,66.7,173561.264
133783,male,31,72.3,56773.464
133784,female,74,66.2,31397.457
133785,female,66,58.3,37840.102
133786,female,71,65.2,10933.683
133787,male,25,66.5,110766.657
133791,female,40,66.4,76842.315
133792,female,34,61.7,35673.767
133793,female,39,63.5,37237.853
133794,male,44,69.9,21059.482
133796,male,54,64.9,22032.899
133798,male,77,69.6,28595.379
133799,female,73,62.5,25456.613
133800,male,57,70.8,16598.634
133801,female,74,61.5,20438.412
133802,male,69,66.2,10096.302
133806,male,49,73.8,43574.552
133808,male,40,71.3,53499.424
133810,female,76,62.7,22667.755
133811,male,23,71.5,48139.714
133813,male,73,173.3,38759.982
133821,male,60,69.4,20078.475
133822,female,80,61.4,18365.577
133825,female,46,61.7,12802.174
133826,female,37,62.8,28700.285
133827,male,67,63.6,24298.524
133831,female,62,59.6,36207.202
133835,female,21,64.1,51964.194
133836,male,74,67.6,56212.22
133838,female,80,56.5,113467.35
133839,male,29,69.6,59747.756
133840,female,34,65.7,48231.002
133841,female,66,62.4,45228.067
133843,female,74,60.8,58554.128
133846,male,54,67.5,46552.541
133852,female,69,60.1,25810.908
133856,male,20,69.7,109262.21
133857,female,56,63.1,39490.637
133858,female,49,63.1,15125.608
133859,female,74,61.4,66030.637
133861,male,62,67.8,18259.355
133862,female,35,63.1,5937.19
133865,male,50,67.8,22856.766
133868,female,61,60.2,23871.749
133870,female,36,66.2,18335.893
133874,female,37,64.6,38747.729
133875,male,71,64.8,35114.442
133877,male,34,71.8,14321.173
133878,male,78,68.0,36406.129
133881,female,33,57.2,51112.375
133882,female,65,61.9,57059.376
133883,male,72,69.5,73487.148
133893,male,46,66.9,34708.569
133894,male,43,75.3,37681.802
133895,female,34,69.7,45515.179
133907,male,80,68.1,8406.447
133909,female,22,66.0,185349.695
133912,female,68,63.8,19985.467
133915,female,45,62.8,63937.248
133916,male,80,73.3,30961.064
133919,male,44,73.0,64610.603
133923,female,23,62.7,106615.351
133930,male,72,63.8,17240.686
133932,male,59,72.0,28958.509
133933,male,58,63.3,10148.582
133934,female,65,61.8,36727.422
133937,female,23,67.6,28265.753
133938,female,23,65.2,64541.709
133940,female,39,61.9,13387.024
133943,female,41,63.9,24582.979
133945,male,70,66.8,14240.973
133946,male,80,71.0,20195.48
133951,male,48,69.8,40560.509
133954,female,80,61.7,15666.552
133955,male,52,73.3,34873.231
133956,female,43,62.6,42050.075
133957,male,69,179.7,12853.378
133958,male,59,67.8,53331.938
133959,male,63,66.8,24267.691
133960,male,73,67.6,33037.261
133965,female,65,61.3,30011.663
133966,male,80,68.1,18293.072
133969,female,74,59.8,21238.747
133971,male,22,69.6,56110.395
133972,male,50,69.8,15952.415
133976,female,34,59.6,27532.026
133978,male,30,176.1,51507.599
133984,female,53,61.4,45823.458
133986,male,53,72.0,28761.517
133988,female,73,63.8,29579.249
133992,female,47,64.0,27808.418
133994,male,51,66.4,62205.708
133995,male,43,66.6,38551.456
133999,male,70,64.0,40437.953
134002,female,29,61.4,71146.725
134003,female,54,63.7,14440.375
134006,female,70,61.7,32246.332
134007,female,61,58.8,14947.69
134010,female,71,61.9,21177.714
134012,female,51,68.3,61971.995
134013,male,63,60.1,11063.597
134019,male,51,60.8,50631.489
134021,female,58,70.2,40313.521
134022,female,24,62.4,114628.505
134023,male,74,69.0,23772.979
134024,female,66,63.2,19824.026
134025,female,65,63.1,11701.654
134027,male,38,70.9,133814.458
134028,male,68,67.1,16399.976
134029,female,37,61.9,24621.367
134037,male,55,69.7,60507.751
134039,female,63,64.4,33865.242
134040,male,49,69.3,32759.602
134042,male,80,70.1,38270.773
134044,male,62,65.3,18031.339
134045,female,80,64.1,88672.583
134047,male,30,73.3,25659.928
134049,female,65,60.9,6888.408
134050,male,49,72.4,136478.988
134051,female,41,60.1,79007.493
134054,female,60,61.3,38158.832
134055,female,55,66.0,23493.533
134056,male,67,68.8,29115.333
134057,male,62,66.8,7834.246
134062,male,76,71.0,17878.138
134064,male,78,71.1,14510.351
134066,female,53,68.4,32943.992
134068,male,71,63.2,20227.738
134073,male,63,66.8,26540.527
134075,male,35,65.6,135487.669
134077,female,40,65.2,69617.174
134079,male,75,68.8,20173.22
134080,female,43,63.5,43669.692
134081,female,73,61.9,31156.654
134082,male,48,67.2,32206.114
134083,female,71,61.5,23371.947
134084,female,77,62.3,25268.919
134088,male,55,69.6,93752.164
134090,female,70,63.9,31437.509
134091,male,37,67.9,65682.337
134092,female,78,63.4,19705.256
134093,female,57,61.1,136559.836
134095,female,59,67.5,35265.129
134096,male,59,69.3,12829.809
134098,male,57,71.3,42153.445
134099,male,28,70.8,33139.131
134100,male,73,66.9,36167.456
134106,female,67,61.5,14121.231
134109,male,37,65.3,50651.78
134110,male,80,63.8,25530.965
134112,female,80,63.0,17058.502
134113,male,80,67.9,16745.657
134114,female,70,60.9,17872.614
134115,female,29,66.7,59658.329
134119,male,45,71.3,63542.677
134129,female,80,63.7,50458.952
134134,male,69,69.3,31969.606
134135,male,54,68.3,34625.562
134137,male,30,67.5,52151.258
134141,female,70,61.9,22477.829
134142,male,20,68.7,20918.934
134144,male,70,67.8,21509.053
134145,male,51,71.7,33932.709
134146,female,71,63.8,10740.475
134147,male,68,65.1,40738.173
134148,female,80,65.6,34593.269
134151,female,70,61.5,13404.435
134154,female,57,59.4,39881.209
134156,male,62,73.4,16803.04
134161,male,80,68.4,40268.167
134163,male,36,66.7,41431.537
134164,male,33,74.4,36214.355
134166,female,49,64.8,10144.992
134168,male,36,68.1,35383.525
134171,female,59,59.5,18837.733
134172,female,50,60.6,38490.931
134173,male,36,70.3,72239.025
134176,male,25,74.7,95238.572
134178,male,63,64.8,12202.811
134181,male,80,68.3,18588.635
134182,female,31,66.9,44927.74
134183,male,52,66.1,125717.475
134184,female,28,63.1,54799.797
134185,male,57,69.5,65798.727
134187,female,67,59.1,27268.659
134188,female,71,62.6,32246.332
134189,male,53,70.1,72295.726
134190,male,36,183.8,58335.484
134193,male,72,72.1,32067.469
134197,male,25,67.2,87674.606
134198,female,46,68.9,58551.033
134201,female,32,60.5,30314.465
134203,male,41,70.8,73464.881
134204,male,80,67.4,33631.628
134206,female,42,64.4,92663.917
134208,male,41,73.4,38339.936
134209,male,58,70.6,26460.013
134210,female,55,62.8,40846.363
134211,male,62,70.4,41501.049
134212,female,68,67.1,26312.183
134215,female,27,69.1,47210.324
134217,female,38,64.4,26229.983
134221,male,71,68.0,24838.171
134222,male,44,70.8,25133.623
134227,female,71,61.2,18999.815
134230,male,61,65.3,25156.946
134231,male,26,70.9,180428.855
134232,male,72,66.5,12998.976
134234,female,20,66.2,82261.985
134235,female,44,61.1,34101.471
134237,female,68,61.7,17914.135
134238,male,57,66.7,60774.157
134240,female,74,59.3,24831.597
134241,male,73,67.3,19066.892
134244,male,38,69.2,55863.599
134247,male,44,73.7,25554.005
134249,female,44,67.3,27358.115
134250,female,30,62.9,55590.682
134253,female,48,61.4,22297.792
134254,female,61,60.2,10147.866
134255,male,64,73.0,23317.4
134257,female,54,60.6,76277.896
134259,female,30,66.3,68853.213
134262,female,80,157.8,43960.031
134264,female,43,64.9,24460.458
134265,female,63,65.0,32498.218
134266,male,80,66.9,13178.124
134268,female,27,68.7,89920.757
134271,female,52,64.4,9636.837
134272,female,22,60.2,12361.928
134273,female,72,64.8,20097.927
134276,male,53,66.5,48236.314
134280,female,25,66.2,47698.256
134281,male,61,67.5,22153.895
134282,female,60,61.2,48343.483
134283,female,62,59.4,21472.705
134288,female,64,63.1,45625.405
134292,female,61,60.5,36393.579
134296,male,69,60.7,29382.867
134297,female,31,63.1,39811.004
134298,female,31,62.7,30306.005
134301,male,37,71.5,85159.543
134302,male,70,66.1,28383.625
134303,female,61,61.9,44845.207
134304,male,42,66.3,72878.671
134309,male,55,67.0,21475.716
134310,male,63,70.0,23022.651
134311,female,74,62.6,12502.136
134312,female,61,61.8,37060.606
134314,male,38,68.5,35300.12
134315,male,80,69.1,23189.094
134316,male,60,68.9,20865.592
134320,female,76,57.2,12802.571
134323,female,70,63.4,31756.503
134324,male,57,66.0,11247.929
134327,male,80,68.0,21649.431
134329,male,62,62.9,29374.553
134330,male,20,69.1,129325.882
134331,male,55,71.1,90366.225
134332,female,29,63.4,86900.257
134334,male,59,69.8,115236.922
134336,female,22,62.6,38130.907
134337,female,69,63.1,9886.321
134339,male,67,68.3,19906.956
134341,female,59,64.1,16559.611
134342,female,64,63.5,8234.286
134343,male,67,72.2,23929.914
134345,male,59,69.1,33034.378
134350,female,64,67.6,27816.19
134353,male,46,69.5,98208.088
134354,male,50,69.1,27262.238
134356,female,62,67.4,20011.247
134359,female,57,65.4,110308.453
134362,female,37,64.1,16881.529
134366,female,49,60.9,18608.499
134369,male,80,67.7,33380.915
134373,female,29,63.7,108166.118
134375,female,63,66.7,13182.248
134378,male,66,70.7,27945.055
134379,female,38,61.9,8643.84
134380,male,53,62.6,24048.107
134381,male,75,69.5,22948.295
134382,female,61,60.9,26764.312
134383,female,71,61.6,36597.261
134385,female,28,65.9,66735.634
134388,female,65,64.1,15663.739
134389,female,69,67.2,13771.899
134392,female,41,61.9,30240.321
134393,female,42,62.6,16950.85
134394,female,50,64.9,100932.449
134398,female,76,63.1,28439.849
134400,female,74,68.1,16593.352
134401,male,35,70.4,45750.21
134403,female,68,65.4,43586.071
134404,female,52,60.7,55214.684
134405,male,76,69.1,26104.107
134407,female,52,61.7,10344.504
134408,male,77,68.0,25161.993
134409,male,56,70.5,60689.349
134410,female,51,65.5,20253.591
134411,male,74,68.2,28433.656
134413,male,33,74.7,36224.503
134414,female,74,64.6,13095.869
134417,female,78,61.0,15409.969
134421,male,69,66.5,15742.563
134425,female,65,61.8,35409.548
134427,female,50,65.0,28945.617
134429,female,80,62.3,14681.047
134430,male,33,69.8,22091.383
134431,male,58,68.7,21916.551
134432,male,44,73.6,132382.652
134435,female,58,65.9,27225.962
134441,female,75,60.5,16199.905
134443,male,65,66.9,45815.765
134446,male,53,69.2,53168.33
134450,female,58,65.4,75201.964
134452,male,57,72.1,19584.771
134453,female,68,64.6,35769.422
134454,female,60,64.1,20711.103
134456,male,33,69.8,100055.486
134457,female,43,67.7,72695.044
134462,male,35,67.7,60611.482
134464,female,20,60.6,110731.08
134466,female,30,61.9,85944.884
134467,female,65,65.7,29414.396
134468,male,32,72.9,69514.068
134470,male,57,66.0,29821.374
134471,female,39,63.5,24635.78
134472,male,35,67.9,81082.009
134475,female,64,64.6,19510.522
134477,female,46,63.5,39040.65
134478,male,58,64.9,83807.425
134479,male,55,66.6,41496.913
134482,male,37,65.7,31089.321
134487,male,23,66.4,39833.752
134488,male,68,63.0,10734.25
134489,female,68,61.6,12729.326
134490,male,44,68.1,96347.411
134491,female,38,63.5,47495.165
134493,male,21,69.9,99242.125
134495,male,38,65.6,36070.159
134496,male,60,66.7,16153.341
134497,male,71,67.4,57362.863
134501,male,66,66.6,28063.805
134502,male,80,71.9,24563.694
134503,male,40,63.0,37762.31
134505,female,45,65.2,122423.005
134506,female,21,58.9,26647.232
134507,female,46,67.0,44518.82
134510,female,37,65.4,18828.854
134511,female,34,66.4,22299.937
134514,female,37,66.5,15481.601
134515,male,55,67.8,25191.932
134516,male,57,70.5,19338.426
134517,male,79,71.5,12165.425
134519,female,58,63.9,38268.669
134523,male,67,69.1,12157.658
134527,female,49,63.1,9636.837
134528,male,71,73.1,27942.331
134529,male,70,68.3,27942.331
134531,female,42,60.0,28753.243
134532,female,31,64.5,13489.705
134533,female,47,65.6,153608.97
134536,female,43,62.3,105171.097
134537,male,36,66.9,123100.228
134538,female,61,62.0,27919.962
134541,male,31,66.9,188536.282
134544,male,62,70.2,39946.199
134545,male,23,74.1,79691.977
134550,female,78,60.8,22431.482
134551,female,37,61.7,39817.091
134554,female,74,64.4,25755.674
134558,female,54,61.5,83105.575
134559,male,71,64.8,32518.285
134562,male,65,71.1,27869.931
134563,male,60,66.3,5424.587
134564,female,24,64.9,59481.101
134565,female,32,62.3,36615.104
134566,male,52,67.5,91788.309
134570,male,36,70.1,164819.65
134571,female,29,64.0,39893.058
134572,female,26,62.4,15575.844
134574,female,39,62.0,33345.556
134579,female,25,66.5,111965.094
134580,female,28,63.2,41672.114
134581,male,40,69.6,99121.812
134582,female,35,60.7,17191.48
134583,female,77,60.9,12083.626
134584,male,56,68.2,79410.532
134585,female,29,63.5,54130.433
134587,male,60,69.1,12464.374
134590,female,28,69.6,52851.353
134591,female,20,64.8,32636.043
134592,male,49,69.8,14844.816
134594,female,32,65.2,38895.271
134596,male,28,70.3,19402.118
134598,female,40,60.9,67653.997
134602,female,75,61.6,11114.353
134603,female,75,68.1,67541.085
134604,male,49,68.6,77149.925
134606,male,23,70.9,44936.57
134607,male,59,72.4,72252.985
134612,female,59,67.9,52204.077
134613,female,53,68.3,51753.068
134615,female,74,62.8,36547.84
134617,female,80,59.5,33097.494
134620,male,43,61.7,46179.999
134623,female,60,62.4,49241.092
134624,male,25,70.0,162417.934
134627,male,58,69.5,36109.748
134628,male,80,68.0,18703.891
134630,male,65,66.6,43051.815
134631,male,50,72.5,57715.713
134633,male,39,68.0,29846.976
134634,female,26,153.5,40977.558
134635,female,36,69.5,19551.784
134637,male,55,68.0,120878.881
134645,female,66,63.7,37879.831
134646,female,45,66.9,31585.821
134651,male,25,75.4,46801.539
134652,male,64,68.4,26865.908
134656,male,28,68.0,51829.861
134657,male,67,70.1,20972.998
134658,male,79,186.6,33051.262
134660,male,51,69.7,124210.685
134665,female,41,67.7,71081.526
134668,male,36,67.2,33855.042
134671,female,36,66.5,43381.627
134672,male,51,69.2,78863.195
134676,female,26,63.6,29957.282
134677,female,64,66.1,41457.969
134683,female,45,163.4,39779.997
134685,male,36,69.4,48641.215
134687,female,62,57.5,42996.804
134690,female,52,61.4,31216.444
134691,male,75,68.8,29585.336
134692,female,80,63.6,33891.477
134695,female,40,59.4,122226.713
134696,male,29,67.5,44447.459
134703,male,80,71.6,20930.893
134704,female,51,61.6,101596.842
134708,male,46,73.3,50687.416
134711,male,24,78.0,108991.1
134712,female,68,65.4,9118.265
134715,female,22,68.7,138591.239
134716,female,22,63.0,60610.806
134717,male,38,70.4,103293.81
134720,male,54,72.3,35177.067
134721,female,47,63.9,32166.327
134723,female,70,62.7,43654.878
134725,male,76,67.3,21599.592
134727,female,52,61.5,13289.067
134728,female,28,63.2,40997.315
134729,female,68,62.6,23160.923
134730,female,26,63.2,95286.182
134731,male,27,65.7,131847.684
134732,male,32,73.3,27431.123
134734,male,30,162.4,65040.038
134736,female,48,62.8,27993.135
134737,male,23,68.9,42276.29
134740,male,73,69.6,13391.598
134743,female,65,62.0,36777.053
134744,male,55,67.4,71994.564
134745,male,42,68.5,67725.771
134746,female,44,58.6,53021.119
134748,male,29,73.6,34678.229
134749,male,60,72.8,21686.82
134751,male,44,68.4,16897.653
134756,female,54,58.5,55750.591
134757,female,27,61.2,52619.444
134759,female,41,62.9,19918.8
134760,male,62,71.6,29513.522
134769,male,52,70.9,86228.719
134771,female,80,63.2,26872.264
134776,female,72,61.2,37608.458
134781,female,25,61.2,48745.437
134788,male,61,66.1,27148.538
134790,female,29,63.4,51744.444
134791,female,36,66.6,100586.104
134793,male,49,71.0,22046.475
134794,female,64,65.2,43469.107
134802,female,56,65.7,27561.519
134804,female,66,61.5,14563.678
134805,female,65,65.7,20756.952
134806,female,37,62.2,12565.384
134811,male,73,69.0,26335.748
134812,female,74,61.8,26348.855
134813,male,79,69.1,19207.707
134817,male,80,65.6,43324.863
134822,male,71,68.2,39978.194
134824,female,59,163.8,35059.801
134825,female,65,61.6,12876.326
134826,female,50,62.2,38660.897
134827,female,80,60.7,37000.492
134828,male,51,71.2,44469.128
134831,female,21,68.1,30282.266
134834,female,71,57.4,28083.835
134836,male,49,66.9,21683.549
134839,male,27,70.4,50308.47
134845,female,69,64.1,11442.175
134850,female,60,64.6,19481.258
134851,female,47,63.7,35017.913
134856,female,32,64.3,29688.412
134857,female,34,64.3,23231.151
134858,male,32,73.3,27324.69
134859,female,40,62.8,41904.592
134864,female,62,62.0,24855.65
134870,male,33,72.4,58710.868
134877,male,60,69.9,27650.114
134878,male,40,71.2,53000.389
134879,female,71,65.5,44299.154
134886,female,65,59.7,26168.566
134889,female,38,61.1,25039.198
134890,female,58,67.1,45049.491
134891,male,80,64.9,19455.293
134894,male,39,70.4,102380.282
134896,female,34,65.4,38515.963
134897,male,64,66.4,52387.612
134899,male,60,63.1,42307.108
134901,female,43,67.4,92527.088
134902,female,41,65.5,70800.34
134903,female,71,65.9,26254.594
134904,male,56,68.7,161559.375
134906,male,60,71.3,13440.602
134908,male,72,66.0,22437.64
134910,female,74,57.9,18657.396
134916,male,47,66.1,37840.793
134917,female,22,65.2,57354.274
134918,male,72,61.7,38457.803
134919,female,48,66.9,48282.444
134920,female,67,63.3,20641.535
134922,female,61,59.3,25260.056
134923,female,69,63.9,23886.452
134926,female,28,67.0,24989.313
134928,female,70,64.4,14043.453
134929,female,55,62.9,35909.558
134932,male,70,68.4,32221.774
134935,female,21,65.4,15584.978
134939,female,66,61.9,7143.279
134940,female,51,65.2,26513.735
134941,female,41,68.3,23263.114
134942,male,80,69.2,36226.48
134943,female,74,62.5,28527.549
134944,male,80,64.5,29820.74
134946,male,65,67.6,18366.121
134951,female,50,65.0,29188.044
134953,female,62,63.6,45656.053
134954,female,72,58.9,14096.736
134955,male,65,68.3,30286.421
134957,female,62,64.8,21857.025
134961,male,71,70.0,30108.954
134962,female,33,59.8,11907.041
134964,female,68,65.8,22495.101
134965,female,66,60.3,29392.157
134966,male,52,66.8,74615.918
134967,female,62,58.6,19216.207
134969,female,42,64.8,30312.217
134970,female,48,66.3,36425.398
134971,male,68,69.7,33764.918
134972,female,34,66.7,109859.121
134976,female,60,64.3,35128.881
134977,female,80,65.7,44138.437
134978,male,33,66.5,101925.534
134979,male,46,68.1,37488.008
134980,female,65,65.4,14780.777
134982,female,36,170.8,102583.133
134985,male,68,62.7,40622.365
134986,male,49,67.7,21187.697
134988,female,68,57.6,17192.34
134989,male,22,69.4,72894.303
134990,female,55,62.7,34273.593
134991,male,34,65.7,30329.364
134992,female,63,65.9,34143.164
134995,female,73,61.4,42875.636
134996,female,35,70.0,23330.008
134998,female,60,62.2,18191.051
135000,female,67,61.3,16538.406
135001,female,72,65.6,27127.693
135010,female,58,61.0,45094.815
135013,male,26,68.9,56184.157
135014,male,50,64.8,30523.449
135016,female,31,63.9,40867.654
135021,male,35,65.7,25905.714
135022,male,58,68.4,15132.409
135023,female,64,58.7,17637.749
135024,female,63,60.8,31136.234
135026,male,72,75.5,13064.692
135027,female,78,65.2,19938.861
135028,male,22,66.9,60570.562
135029,female,79,53.3,43034.136
135032,male,72,69.1,17878.138
135033,male,75,65.1,58216.92
135035,female,54,64.4,55745.357
135036,female,64,62.0,17460.851
135037,female,41,61.2,25497.914
135039,female,48,57.4,109862.965
135040,male,75,60.9,49311.07
135041,female,57,61.7,28404.498
135042,male,30,65.5,43877.128
135043,female,48,61.9,15623.465
135047,male,53,69.3,26641.099
135048,male,22,67.1,66616.536
135051,male,75,62.2,21170.171
135052,male,70,67.7,12362.611
135053,female,32,59.3,33592.506
135057,female,70,61.1,29039.562
135060,male,80,66.7,14258.097
135064,female,63,66.2,22029.904
135065,female,63,63.4,12238.614
135066,female,80,61.1,15009.973
135067,female,70,60.7,54189.895
135070,male,78,64.0,12204.674
135071,male,32,70.8,96320.327
135074,male,67,72.6,28273.646
135077,female,80,63.7,21461.787
135086,female,69,66.2,32133.094
135087,male,73,70.2,21090.975
135090,female,70,62.0,21291.117
135091,female,65,69.1,35610.905
135092,male,64,67.8,12129.852
135093,female,62,65.6,21091.117
135094,male,34,69.1,33137.796
135095,female,35,66.8,13387.024
135098,male,47,71.6,104466.513
135100,male,32,70.7,16271.832
135101,female,35,63.6,76469.57
135102,female,53,65.7,47644.492
135103,female,47,61.5,38055.427
135108,female,23,64.0,32506.456
135110,male,73,62.2,18554.319
135111,male,59,64.8,69444.578
135112,male,77,67.0,22524.582
135116,male,72,65.6,61921.746
135117,male,38,67.7,52992.575
135119,male,37,71.0,40301.513
135121,male,62,64.1,11063.597
135126,female,64,71.7,22287.432
135129,female,65,61.4,42136.117
135130,male,57,69.5,26266.877
135131,female,71,61.2,25130.5
135132,female,36,60.8,27148.757
135134,female,66,58.8,38428.477
135137,male,32,71.3,96560.646
135140,male,27,72.5,56057.517
135141,female,49,66.6,63781.316
135142,female,76,58.1,16317.177
135143,female,67,66.4,36035.964
135144,male,66,64.3,30593.506
135146,female,35,65.7,19439.324
135147,female,63,64.7,17329.866
135148,male,49,68.3,48746.067
135149,male,38,66.5,56318.64
135150,female,31,61.6,19492.071
135152,male,21,68.3,45329.094
135153,female,53,67.7,21989.09
135155,male,61,65.7,19969.453
135157,male,72,67.8,11960.43
135158,male,68,70.2,9160.896
135159,male,63,70.9,36730.525
135170,male,25,74.1,23469.672
135172,male,62,75.5,13439.921
135173,male,58,172.7,13492.063
135174,female,36,66.9,19965.897
135176,female,34,65.1,20562.91
135177,male,39,68.5,67397.409
135181,female,69,59.6,50760.688
135183,female,68,60.4,47803.766
135184,female,72,62.4,12508.761
135185,male,30,69.6,38461.166
135187,female,37,63.5,25889.942
135188,male,77,65.7,16078.668
135189,female,67,60.4,21597.781
135191,male,49,73.3,35654.056
135192,male,52,68.2,46779.964
135194,female,28,65.6,37260.813
135195,male,57,62.9,34242.016
135196,male,25,73.7,114476.627
135197,female,75,60.7,37999.883
135198,male,80,69.4,23754.63
135199,female,59,62.0,75291.206
135200,male,62,70.7,17084.757
135201,male,40,69.2,61865.035
135203,female,48,65.5,18385.765
135204,male,60,69.3,11639.329
135207,male,42,74.5,30563.953
135210,female,44,66.7,42069.388
135213,male,67,65.2,28752.637
135216,female,47,63.0,26664.198
135217,male,49,66.2,28042.9
135219,female,49,63.2,15630.82
135220,male,66,67.6,13050.294
135222,male,25,67.8,72656.819
135223,female,58,67.7,34615.266
135227,female,79,59.6,26006.479
135232,male,53,66.8,69925.498
135236,female,57,66.4,17528.272
135238,female,55,61.1,34125.912
135239,male,54,63.7,14219.15
135241,female,51,64.8,17337.055
135243,female,64,65.7,24665.941
135244,male,21,67.8,38813.566
135245,male,34,63.5,19786.604
135246,male,41,70.7,15481.814
135248,female,45,63.0,25925.12
135250,female,60,62.5,49793.619
135251,male,53,69.5,50415.779
135255,male,61,69.0,22115.85
135260,male,62,69.6,20270.482
135262,male,34,66.7,16788.66
135265,female,29,65.5,72682.267
135266,male,68,68.7,38869.272
135270,female,34,67.8,15980.7
135275,male,40,67.8,66912.397
135281,male,51,69.6,22160.949
135284,female,67,60.8,27875.712
135285,male,62,72.5,30729.68
135287,female,53,65.2,91521.454
135288,female,64,62.8,11329.343
135291,female,80,65.2,34756.565
135292,female,52,64.1,31708.737
135293,male,73,63.1,22638.972
135295,female,48,61.5,83533.344
135298,female,70,62.0,19863.804
135299,male,80,70.4,24761.1
135300,female,74,65.2,34702.532
135301,female,33,64.4,85533.449
135302,female,63,63.1,16104.216
135305,female,38,60.2,21168.217
135306,male,53,71.2,84514.414
135308,female,47,64.3,37385.227
135310,female,35,57.0,90912.695
135312,female,72,62.9,36942.952
135314,female,62,63.1,26427.505
135316,female,33,65.8,60635.532
135317,male,48,67.2,71897.518
135318,female,28,64.2,38866.099
135321,male,59,65.4,16043.331
135324,male,52,69.7,98768.63
135325,male,49,68.2,97841.001
135329,male,53,65.9,20412.418
135330,female,51,64.4,16941.403
135332,male,31,71.2,41236.354
135336,male,34,72.2,67061.806
135339,female,59,63.3,45310.442
135343,female,78,63.0,25726.413
135344,female,43,68.8,27766.934
135347,male,61,71.1,55989.346
135348,male,63,67.9,42356.336
135350,male,78,66.9,18681.716
135351,male,80,69.1,20705.649
135353,female,61,63.1,18632.054
135356,female,40,59.3,127632.612
135357,female,73,60.7,27787.192
135358,female,66,64.6,21161.134
135364,male,72,67.8,12992.424
135366,male,77,65.4,14101.668
135369,male,22,69.3,17966.654
135372,female,65,64.3,42481.951
135375,female,38,67.1,26911.851
135376,male,29,65.7,35101.02
135377,male,73,69.3,16476.227
135381,male,23,74.0,30208.469
135382,female,44,59.5,20147.919
135384,female,60,63.5,22853.522
135385,male,56,75.0,17931.056
135388,female,29,63.3,61980.572
135389,female,27,60.4,50155.648
135390,male,66,68.7,21614.974
135391,male,65,69.6,15396.904
135392,female,31,67.6,70222.899
135395,male,42,71.3,56452.328
135396,male,65,70.4,33257.934
135397,female,46,62.6,58730.017
135399,female,80,65.4,48618.137
135401,male,39,65.3,26090.277
135404,female,56,64.6,71432.7
135405,female,50,61.1,50285.208
135406,male,38,66.9,52520.225
135407,female,60,64.3,17861.501
135409,male,33,67.7,20762.408
135411,female,80,54.8,11614.812
135414,male,29,65.4,43573.728
135416,female,50,64.1,52769.775
135419,male,25,75.4,34998.929
135422,male,26,65.9,53835.475
135423,female,33,153.8,40891.931
135425,male,44,65.7,39336.615
135427,female,39,166.9,43228.085
135428,female,46,63.3,63995.887
135432,female,70,63.9,49743.497
135437,female,59,64.4,75665.827
135439,male,23,69.7,44994.328
135441,female,69,66.4,32542.609
135442,female,67,61.6,9988.686
135443,male,58,65.9,27200.709
135445,female,37,60.4,14053.158
135446,male,55,73.2,131029.178
135447,female,64,57.9,15094.62
135450,female,63,171.5,13017.01
135452,male,80,178.7,30886.086
135453,male,60,72.6,21717.849
135454,female,61,62.9,40771.171
135456,female,70,64.4,17768.308
135458,male,30,71.0,27803.601
135459,female,41,61.6,20728.446
135460,male,79,66.3,14101.668
135463,female,70,63.7,15409.969
135466,female,40,62.5,46292.998
135467,male,62,65.4,14285.531
135469,male,42,65.3,44701.2
135470,female,46,60.6,69911.376
135473,male,35,72.6,42892.253
135475,male,55,73.0,18177.074
135476,male,77,62.2,27124.959
135477,male,80,66.7,27635.763
135479,female,77,65.9,63678.164
135480,female,64,65.1,24096.438
135483,female,31,60.6,28035.754
135484,female,37,65.0,32624.847
135485,female,21,69.2,49323.104
135494,male,77,70.6,15024.143
135496,male,32,65.7,42515.116
135498,female,44,65.0,21034.694
135499,male,70,69.3,32497.526
135500,male,33,63.8,50148.885
135502,male,42,69.3,17007.184
135503,female,58,60.0,16941.403
135504,female,27,65.3,21084.124
135505,male,29,66.3,38954.803
135508,male,61,73.9,25468.072
135509,female,64,62.3,20576.667
135511,female,69,62.6,35093.839
135512,male,52,66.8,59421.879
135516,male,72,66.6,10780.882
135517,female,59,62.5,130560.927
135519,female,44,63.7,76261.048
135521,female,64,68.1,60954.97
135522,male,28,69.3,60957.374
135528,male,30,64.6,115824.327
135529,male,79,65.9,15008.09
135530,male,23,72.2,81201.163
135533,female,58,62.8,44753.486
135535,female,40,66.9,20799.504
135536,female,63,66.4,22166.124
135537,male,41,75.0,124970.259
135539,female,73,61.0,18672.533
135540,male,29,76.1,56823.283
135541,male,68,68.4,10306.394
135542,male,55,64.2,32274.711
135544,female,67,65.6,20649.843
135545,male,78,72.1,12067.833
135546,female,58,63.3,46601.873
135548,female,44,62.8,18343.648
135550,male,39,63.9,126386.593
135551,female,64,64.1,13829.87
135552,female,61,61.3,28583.607
135553,female,37,62.2,36813.058
135555,female,32,59.4,80285.558
135560,male,29,69.1,42913.447
135561,male,59,68.2,71478.509
135564,female,80,65.2,57255.856
135565,male,37,65.7,52101.998
135566,female,45,59.6,22362.224
135567,female,80,66.6,8705.893
135569,female,80,65.0,56116.008
135570,male,47,68.8,80753.117
135571,male,65,68.9,43030.642
135573,female,70,62.8,13177.076
135581,male,41,71.9,71952.269
135582,female,77,60.8,12455.032
135583,male,46,74.4,85055.754
135584,female,24,63.2,15529.584
135585,female,65,62.8,12013.029
135586,male,45,71.0,24262.285
135587,female,69,61.3,68234.348
135588,male,73,64.8,31689.456
135589,female,43,62.7,26065.481
135591,male,53,69.3,77932.154
135592,male,78,65.2,22087.327
135593,male,80,66.3,16244.519
135597,female,70,60.9,26992.171
135599,female,26,66.1,33810.441
135602,male,36,72.2,39249.076
135603,male,69,65.0,19791.882
135605,male,31,70.2,16567.165
135608,female,60,62.7,26320.039
135609,female,41,61.2,40781.817
135610,female,69,75.3,11844.215
135615,female,78,61.9,39825.964
135616,male,29,68.1,114198.413
135619,male,43,66.9,88924.47
135621,female,62,59.6,30937.962
135622,male,65,71.2,22179.379
135623,female,53,62.1,20814.644
135628,female,75,62.2,23476.053
135631,male,57,67.9,58715.116
135633,female,80,62.6,27089.945
135634,male,21,66.3,47637.27
135637,female,41,61.9,36632.345
135638,female,30,68.4,45934.624
135639,female,70,60.6,18562.751
135640,female,58,65.5,32658.777
135641,female,70,65.7,17653.664
135643,female,56,57.5,30289.616
135644,male,67,75.1,32002.125
135645,male,60,67.4,18343.773
135646,male,39,70.9,16469.999
135649,female,74,62.6,32118.808
135650,female,57,59.1,24423.638
135653,female,27,64.9,18495.987
135654,female,42,60.5,16733.286
135661,male,59,175.9,75252.301
135663,female,62,60.6,35300.794
135669,male,37,68.3,93247.127
135671,female,36,167.0,12376.727
135672,female,33,67.0,26793.022
135674,female,25,64.4,31253.629
135675,male,74,72.4,37599.337
135678,male,42,66.6,38308.229
135680,female,52,63.1,104109.111
135682,female,64,63.5,20726.619
135687,male,60,66.1,39430.326
135691,male,66,67.6,37592.827
135692,male,63,63.4,18999.886
135693,male,30,71.6,91475.945
135694,male,78,65.5,20133.777
135695,female,51,66.6,41518.425
135697,male,75,71.3,15693.028
135699,male,38,68.8,68860.905
135700,male,57,68.0,170881.139
135701,male,51,67.8,35499.381
135702,male,23,70.0,21359.35
135704,female,73,63.6,38191.318
135706,female,50,67.4,37311.093
135708,male,69,68.0,16379.771
135709,male,76,66.6,19734.264
135711,male,75,72.0,28538.67
135713,male,68,73.5,53170.175
135715,male,68,65.0,31582.834
135716,male,80,62.4,10185.904
135719,female,68,61.7,10834.012
135720,female,48,65.4,22684.892
135721,male,68,66.2,22403.504
135722,male,44,67.1,84636.158
135723,female,55,66.8,72556.964
135724,male,26,71.3,63993.514
135726,male,60,74.7,31034.346
135728,male,20,69.9,149747.687
135730,female,66,55.6,7293.903
135731,male,32,70.7,62644.487
135734,female,59,65.8,50938.494
135738,male,48,69.8,22946.748
135740,female,76,62.4,19699.309
135741,male,60,69.0,10023.673
135742,male,66,72.8,24884.493
135743,female,74,63.7,26206.283
135745,female,51,62.6,38369.798
135747,female,40,64.3,34064.801
135749,female,72,60.0,25933.118
135753,female,24,63.2,23854.65
135754,female,66,60.3,27204.99
135766,female,41,60.4,19532.465
135767,female,50,63.6,23010.32
135768,female,62,64.3,21514.553
135770,male,60,68.2,11639.329
135772,male,46,69.8,23050.853
135775,male,33,64.2,58852.634
135776,male,71,68.2,16811.817
135777,female,61,65.7,27674.341
135782,male,31,71.3,34142.026
135783,male,59,77.2,110737.044
135787,female,72,63.5,20659.029
135790,female,64,62.3,14500.775
135792,female,37,63.0,97264.375
135794,male,34,59.8,57614.81
135797,female,65,65.6,20807.324
135798,male,56,68.7,27329.07
135801,male,71,67.5,15977.563
135804,male,78,67.2,14177.441
135806,female,80,64.5,32579.448
135807,male,63,69.8,6911.401
135808,male,41,70.2,65466.761
135809,male,45,65.5,59425.639
135811,female,67,64.3,42363.439
135821,male,42,71.7,68377.549
135822,male,46,70.4,41272.354
135823,female,77,58.9,12626.101
135826,female,68,62.8,14780.777
135827,male,63,72.3,20777.944
135830,male,41,61.6,27464.345
135832,male,50,65.2,36784.984
135834,female,34,63.7,13573.852
135839,female,62,60.9,40902.572
135841,male,37,66.5,92113.979
135842,female,58,59.6,60184.108
135844,female,32,63.4,55536.569
135845,female,66,65.9,43983.432
135846,male,61,65.0,47927.304
135848,female,80,63.8,60382.048
135849,female,63,65.0,11170.654
135851,female,60,60.1,38590.8
135853,male,80,71.8,26126.617
135855,female,79,61.4,12825.663
135858,female,70,63.9,29768.262
135859,male,64,67.2,29985.139
135865,male,80,68.1,11513.077
135867,male,74,65.2,11326.858
135868,female,41,67.7,78521.47
135872,female,57,57.4,47887.873
135873,male,56,65.4,46608.074
135876,female,61,65.4,12476.198
135877,male,77,65.9,49106.056
135881,male,28,71.0,64829.087
135882,female,46,61.1,36574.873
135885,male,20,66.1,189323.383
135886,female,30,63.9,26715.274
135888,male,42,66.5,55150.745
135889,female,61,64.4,17723.655
135890,male,58,70.7,33261.576
135891,male,37,68.3,45336.095
135892,male,20,68.6,157334.795
135893,female,71,56.9,23313.326
135895,male,20,72.8,193678.499
135900,female,61,63.1,19614.835
135902,male,27,71.9,51446.391
135903,male,62,61.5,40130.516
135906,female,26,64.8,18766.826
135908,female,63,64.6,10315.877
135909,female,34,66.3,46986.45
135910,female,63,69.4,20915.058
135911,male,65,71.4,21809.092
135914,female,63,66.0,12153.792
135915,female,54,60.8,31244.987
135916,female,60,62.3,20963.87
135919,female,62,65.2,19278.277
135920,female,40,64.4,85026.242
135927,male,40,73.5,44470.958
135928,female,75,60.9,59243.09
135929,female,73,64.9,14948.062
135930,female,59,64.6,17079.799
135937,male,26,66.9,95554.316
135938,female,28,60.6,48951.46
135940,female,47,66.6,110706.586
135941,female,21,63.5,108938.431
135943,female,69,63.1,35971.075
135945,female,48,65.5,65680.885
135946,male,72,66.9,19768.27
135953,female,60,58.7,35679.414
135954,female,29,58.5,51399.995
135956,male,30,68.7,14698.566
135957,female,53,60.7,16911.537
135959,female,76,62.6,26702.342
135960,female,75,61.9,40109.194
135961,female,26,65.3,58393.28
135962,female,50,62.3,31810.799
135963,male,60,72.6,31639.228
135964,female,23,62.0,64691.791
135966,female,30,68.5,41102.263
135968,male,80,69.9,27140.722
135969,male,33,69.3,41606.007
135970,female,61,60.6,34408.621
135973,female,78,59.0,43567.326
135976,female,76,62.0,9752.882
135977,female,73,59.6,26623.073
135980,female,55,62.9,26512.973
135982,female,60,66.6,17040.816
135983,female,21,71.6,48578.709
135985,female,46,54.9,35952.474
135987,male,79,67.0,32484.324
135988,male,63,66.9,41345.835
135991,female,32,66.9,21190.822
135992,male,66,68.9,9155.136
135993,male,55,70.4,112761.378
135995,male,77,63.1,18042.447
135997,female,25,66.4,49106.761
135998,male,23,71.7,53062.3
135999,male,66,68.0,52526.629
136000,female,44,65.9,64126.808
136001,female,28,61.7,63756.162
136002,male,80,65.7,13327.731
136004,male,58,69.0,61429.835
136005,male,52,68.3,14645.211
136012,male,73,69.8,11412.25
136013,female,59,56.0,8608.384
136014,male,20,69.7,71168.538
136015,female,22,62.6,50177.293
136016,male,41,70.0,24979.186
136018,female,30,62.9,47071.081
136020,female,40,64.6,21393.889
136025,female,42,64.3,14803.786
136027,female,56,63.0,32658.777
136031,female,57,68.3,27723.668
136036,female,55,67.3,41752.008
136039,female,36,60.9,42099.504
136040,female,41,58.8,49120.728
136042,male,44,67.6,79217.716
136046,female,67,63.0,20026.684
136047,male,80,65.9,25749.755
136050,female,25,61.9,56697.413
136051,male,27,70.9,102869.629
136052,male,78,70.6,17570.061
136053,female,79,60.6,45368.48
136054,female,21,61.1,93419.472
136057,female,69,60.3,33933.541
136058,male,68,68.8,52045.88
136059,male,62,68.1,20659.25
136060,male,46,71.1,42163.992
136062,female,21,62.4,40756.92
136063,male,41,72.6,18840.901
136064,male,76,64.5,45330.897
136070,male,35,66.6,33888.226
136071,female,29,63.7,13547.588
136072,male,63,66.3,42257.994
136073,female,70,59.2,36323.993
136074,female,64,68.0,20870.21
136075,male,55,72.6,32233.129
136079,female,25,66.2,146668.068
136084,female,45,60.3,29932.453
136089,male,60,70.4,7106.846
136091,male,80,72.2,21397.307
136092,female,27,63.3,11999.234
136093,female,80,64.4,38099.196
136094,female,72,63.0,16063.703
136095,female,37,62.8,20348.561
136097,female,48,65.4,33989.183
136106,female,44,60.5,12337.403
136107,male,63,67.8,10066.658
136111,female,71,62.2,18941.011
136113,female,80,56.1,20370.435
136114,female,61,62.2,89657.932
136115,female,20,59.5,27953.461
136116,female,23,61.0,39856.661
136118,female,39,62.8,29233.074
136119,male,64,67.1,23689.101
136120,male,54,68.2,29689.632
136123,female,62,66.1,20049.728
136124,male,30,70.5,69146.495
136125,male,42,67.3,73042.052
136127,female,63,67.8,44359.575
136128,female,60,60.7,19351.811
136129,male,73,69.0,24576.421
136130,female,44,64.4,44329.133
136132,female,59,65.3,25351.013
136133,female,42,64.1,38796.567
136136,male,75,66.0,14767.425
136139,female,53,64.4,23194.851
136141,female,80,67.7,34582.489
136142,male,34,67.8,15271.87
136144,female,43,64.4,43615.534
136146,male,24,171.0,46043.069
136152,female,65,66.7,15150.055
136155,male,68,65.9,22422.382
136161,female,37,68.7,32186.612
136162,female,75,61.1,21731.188
136164,male,45,69.3,39879.285
136165,male,62,69.6,38612.709
136168,female,61,62.9,18974.8
136169,male,56,66.5,30775.744
136172,female,76,64.6,15127.221
136173,female,73,60.7,20711.093
136176,male,40,70.6,24925.151
136180,female,22,61.1,37447.878
136182,male,80,68.8,24759.388
136185,female,21,65.2,29948.773
136186,female,60,66.1,36817.488
136187,male,31,66.1,32142.867
136188,male,49,66.9,34897.248
136189,female,59,60.6,15064.245
136190,female,68,63.5,27561.924
136191,female,69,67.2,89657.932
136192,male,66,70.3,58554.203
136193,female,72,62.9,12177.834
136194,male,52,65.2,40755.988
136195,male,74,65.5,13224.048
136200,female,76,61.8,30746.905
136201,male,31,60.1,77725.843
136204,male,51,68.6,22096.405
136205,male,25,72.6,44646.992
136206,female,80,62.5,18900.95
136210,female,58,63.7,43752.462
136211,female,38,63.1,25015.297
136216,male,80,71.6,43312.969
136218,female,57,61.1,23871.754
136220,male,75,68.0,45592.802
136222,female,31,62.2,9616.562
136223,male,40,72.4,64974.788
136225,female,33,64.8,34326.259
136227,female,63,65.4,21118.562
136229,male,63,70.6,27098.175
136230,female,45,65.4,110049.85
136231,female,39,62.4,75746.716
136232,male,62,72.7,23632.374
136233,male,68,66.5,24505.493
136240,female,64,63.1,20526.046
136241,female,61,61.2,23537.636
136243,female,32,66.5,8852.156
136244,male,62,65.2,12016.187
136249,female,37,65.1,19665.659
136250,male,71,70.0,29015.3
136252,male,58,71.4,44894.115
136254,female,20,66.1,72920.372
136255,female,66,60.0,17592.453
136256,female,57,61.6,27486.971
136260,male,44,71.1,46034.41
136261,female,68,62.5,25379.691
136265,female,76,65.2,34637.817
136266,female,42,59.7,32439.374
136267,female,40,65.1,33057.47
136268,male,48,66.9,94069.962
136271,female,41,64.3,33568.102
136272,male,50,71.9,23118.567
136274,female,52,63.7,45310.442
136276,male,73,66.0,18135.93
136278,female,38,67.4,24231.604
136281,male,66,67.3,24963.48
136283,male,75,64.6,43577.659
136284,female,72,61.7,24624.025
136285,male,72,63.9,22757.213
136287,male,29,71.3,42459.609
136289,male,74,69.3,36230.825
136291,female,38,63.3,75996.718
136293,female,51,163.1,33131.027
136294,female,52,64.0,46826.027
136296,male,77,65.3,24877.751
136298,female,80,61.9,34581.956
136299,male,80,68.7,35317.729
136301,male,54,170.8,17705.171
136302,female,48,63.0,85812.974
136305,female,20,65.6,37277.48
136306,male,63,71.6,21717.849
136307,female,55,61.8,17389.34
136308,male,72,70.4,34442.823
136309,female,70,62.6,36885.9
136310,female,70,68.0,19229.07
136312,female,38,65.0,34014.168
136315,male,40,67.6,135471.29
136318,female,58,64.1,27516.425
136320,female,47,64.4,122641.914
136321,male,74,67.6,33116.221
136322,female,80,58.6,20033.695
136323,male,43,67.0,59241.211
136325,female,66,61.6,11969.754
136326,male,59,70.5,27742.33
136328,male,43,67.2,27404.028
136330,male,80,64.6,21015.523
136332,female,39,67.2,37553.25
136333,female,32,65.9,17446.118
136334,male,80,65.4,45955.729
136336,female,68,64.9,30323.637
136337,male,20,66.4,68177.475
136339,male,52,70.7,39691.401
136341,male,38,70.6,46653.442
136345,male,32,70.2,69385.013
136352,female,72,64.9,31317.952
136353,female,70,63.7,30394.154
136354,female,34,64.8,50334.117
136355,male,60,72.3,51709.277
136357,male,31,70.0,29287.12
136360,male,31,182.6,62041.768
136361,male,67,71.4,27134.479
136364,female,67,67.4,29626.38
136365,male,62,69.5,31890.696
136366,female,32,62.2,142446.724
136369,female,27,66.9,58835.363
136370,male,46,69.3,43810.805
136373,male,36,67.9,48844.34
136376,female,63,66.4,34076.538
136378,male,33,65.6,35176.401
136381,female,52,64.1,51691.017
136383,male,79,63.6,27154.496
136384,female,33,69.9,15306.48
136385,male,63,71.6,23907.376
136387,female,66,64.6,25869.77
136389,female,73,63.1,25029.539
136390,female,80,58.7,69569.129
136392,female,59,62.9,89645.85
136397,female,38,65.6,36638.944
136398,female,58,57.6,32040.0
136399,female,52,147.3,14114.02
136400,female,55,61.4,10421.372
136401,female,34,59.4,25623.48
136402,female,65,63.2,18018.912
136405,female,61,63.2,16811.57
136407,male,58,67.2,34366.7
136408,male,63,67.9,43446.141
136410,female,20,65.6,52691.68
136412,female,65,63.7,11940.692
136415,male,52,64.9,21618.461
136417,male,21,74.4,15375.785
136418,male,70,62.7,45016.643
136421,male,25,66.7,165492.836
136422,female,77,60.7,17657.455
136424,female,42,65.9,21835.837
136425,male,46,68.6,76045.802
136426,female,20,66.9,61848.12
136429,female,39,63.6,78758.548
136430,male,46,67.3,64815.28
136431,male,54,66.7,9445.749
136434,female,61,63.1,15385.769
136435,male,22,73.1,124012.973
136437,male,43,65.9,120216.425
136439,female,20,68.6,216127.416
136440,female,80,63.1,44977.556
136442,male,37,76.6,47201.059
136443,male,67,66.4,24470.6
136444,male,61,67.0,12326.797
136445,male,80,66.2,20308.7
136448,female,80,66.7,75150.626
136449,female,21,60.7,45131.645
136451,male,80,70.0,76104.969
136452,female,36,60.6,59161.911
136453,female,32,64.0,128601.502
136455,male,58,67.6,60244.15
136457,female,68,63.7,8267.933
136458,male,73,68.6,41440.524
136460,female,29,63.2,58390.305
136461,female,25,63.8,24633.241
136462,female,21,64.7,77669.919
136465,female,34,64.7,15510.659
136466,female,43,68.1,65966.764
136467,female,57,65.1,23089.135
136468,male,21,68.0,135138.632
136473,male,60,66.0,6911.401
136475,female,80,58.1,40866.633
136476,female,60,57.3,20959.722
136477,male,52,68.9,28005.883
136478,male,59,65.6,69847.581
136480,male,20,67.0,171874.159
136487,female,48,60.6,31098.964
136489,male,41,75.1,33046.24
136490,male,61,73.1,18766.296
136492,male,66,62.5,15913.718
136494,male,20,67.0,78454.113
136496,female,57,64.3,32668.993
136499,female,38,69.6,83878.358
136502,male,23,72.2,31119.911
136508,female,62,57.6,18626.296
136509,female,28,67.8,44705.44
136510,female,36,66.3,32076.2
136512,female,71,61.1,13435.441
136516,female,71,156.2,12365.252
136521,male,41,69.6,53067.391
136522,female,20,64.7,64541.709
136523,female,63,61.3,14958.687
136525,male,63,68.1,37266.37
136527,female,71,58.5,50151.248
136528,male,23,70.9,103766.658
136530,male,40,74.1,44446.079
136535,male,63,67.8,25653.6
136536,female,55,64.9,71245.33
136537,male,27,64.3,116690.95
136539,male,80,61.3,28902.331
136540,female,21,64.9,54756.874
136541,female,50,169.2,16504.73
136542,male,60,67.5,17895.198
136546,female,80,62.6,9695.866
136549,female,44,65.7,14476.144
136553,male,38,65.0,26954.898
136556,male,56,64.4,45455.931
136560,female,80,62.3,24616.53
136561,male,31,69.1,24142.415
136562,female,71,62.5,23313.758
136564,female,58,67.0,104845.184
136566,male,63,75.2,18660.419
136568,male,68,178.6,26626.871
136571,male,63,72.9,25345.086
136572,female,77,63.4,25358.572
136573,female,57,70.8,38979.539
136576,female,61,65.2,18631.86
136577,female,53,62.9,24408.084
136579,female,52,61.1,100333.684
136582,male,66,69.3,25313.968
136583,male,68,65.5,6191.848
136584,female,33,62.5,16484.252
136585,male,60,60.0,11629.379
136586,female,66,63.7,15028.911
136588,female,69,65.7,17264.604
136589,male,80,75.1,56763.932
136591,male,57,62.6,96457.737
136592,male,71,66.2,35971.911
136593,female,29,61.3,43458.733
136596,male,67,65.7,18699.788
136599,female,64,64.4,13739.858
136601,female,44,60.5,27006.594
136603,female,59,61.2,24518.206
136604,female,60,157.5,32097.771
136605,female,60,65.6,7792.25
136607,male,59,66.8,27238.812
136608,male,39,73.5,106141.418
136609,female,29,61.3,102191.952
136610,male,20,68.3,36586.37
136614,male,77,67.5,19282.056
136616,male,58,69.7,41272.39
136618,male,70,69.2,14513.521
136621,female,65,60.0,31775.212
136623,male,54,69.7,34867.662
136624,male,58,69.4,38068.611
136625,female,28,66.5,31594.463
136626,female,64,64.8,16588.545
136628,female,71,62.0,14773.429
136629,male,50,67.2,10772.078
136630,male,31,67.6,60068.251
136634,male,69,168.5,22041.389
136636,female,54,65.8,63607.189
136637,female,52,62.2,68958.849
136638,female,60,66.6,12432.473
136642,female,33,60.9,48704.301
136643,female,45,61.8,9763.017
136644,female,51,58.6,19133.632
136645,male,65,68.5,14106.367
136647,female,60,61.4,16376.94
136649,male,43,64.9,19115.207
136650,male,68,68.5,13413.909
136652,female,65,62.6,26382.574
136655,male,72,65.8,25071.882
136657,female,44,65.2,94024.175
136660,female,77,63.3,17810.368
136663,female,64,61.9,21038.594
136664,male,61,69.5,18359.649
136667,female,36,65.6,27768.774
136668,male,70,65.7,12338.98
136673,female,33,61.1,30629.898
136675,female,65,67.6,7363.413
136677,male,71,65.1,33176.193
136679,male,73,64.8,24160.81
136682,male,80,67.6,12375.792
136683,male,64,68.7,37975.646
136685,female,43,64.7,48256.246
136688,female,27,68.1,54019.481
136691,male,67,69.0,23657.358
136692,male,67,65.2,17589.716
136693,female,45,62.6,69405.71
136694,female,35,64.1,39401.56
136696,female,57,60.1,16636.067
136697,female,34,63.0,51954.419
136698,female,32,62.4,34639.144
136699,female,49,63.3,27757.75
136701,male,31,67.4,42473.056
136702,male,68,61.5,36092.919
136703,female,44,60.4,13713.366
136705,female,23,61.5,40415.221
136706,female,63,64.5,22688.981
136707,female,43,61.8,24337.474
136709,male,45,64.5,77652.41
136713,female,73,63.6,62076.511
136714,female,20,67.4,61493.365
136716,female,67,61.3,28680.178
136718,male,60,66.4,23001.023
136720,female,70,60.2,29468.511
136723,male,62,70.7,49046.083
136724,female,75,64.0,40629.578
136728,female,55,59.5,27283.192
136730,male,62,68.6,49176.497
136731,female,31,59.5,33042.582
136733,female,33,66.6,39327.804
136734,male,35,167.3,45542.135
136735,female,80,63.3,88042.952
136736,female,64,60.0,11078.06
136739,female,67,60.5,16838.118
136740,female,69,59.0,30112.977
136744,male,36,69.9,82345.594
136745,male,38,68.8,54910.207
136747,female,37,65.2,13664.2
136748,male,69,68.2,29348.303
136750,male,62,72.3,47425.906
136752,male,73,69.8,15494.004
136754,male,80,66.5,14673.321
136757,female,80,65.2,24576.076
136758,female,29,69.4,59019.778
136760,female,73,154.2,17067.068
136761,male,61,65.7,42311.468
136762,male,33,72.0,42624.201
136770,female,70,160.7,40853.644
136771,male,21,70.7,80018.314
136776,male,67,64.1,34556.623
136778,male,53,66.1,40911.609
136781,female,25,60.8,39266.492
136785,female,61,66.1,13313.981
136788,male,68,71.3,13191.788
136791,female,64,66.4,22917.142
136794,female,25,62.9,24092.189
136797,female,30,61.2,21747.996
136799,female,38,60.3,52285.413
136800,male,62,172.8,31064.712
136801,female,64,60.6,79012.319
136802,female,53,66.3,42939.46
136803,male,62,68.2,14220.623
136809,male,69,68.3,44724.914
136810,female,73,63.2,40228.302
136812,female,65,65.0,26624.732
136814,female,56,60.4,42499.44
136815,male,44,69.8,103664.93
136817,female,32,63.5,14169.239
136818,female,46,71.5,45610.47
136822,female,34,65.1,37992.065
136826,female,64,63.3,23160.891
136827,male,54,71.3,15013.484
136828,female,60,59.8,16880.777
136829,female,76,63.3,60704.004
136831,female,43,62.6,62588.605
136832,male,72,71.0,11125.02
136835,female,62,64.3,46407.411
136836,female,71,67.0,17608.631
136837,female,71,62.5,19028.953
136838,male,68,75.2,15210.53
136839,female,61,59.9,27484.179
136840,male,54,68.0,45659.156
136848,female,30,61.0,16844.361
136849,male,53,67.4,51592.365
136852,female,26,64.3,43408.856
136854,male,36,69.8,30693.733
136855,female,20,64.1,154291.436
136859,male,27,69.4,76745.856
136862,male,74,66.0,19131.794
136864,female,72,59.9,12505.304
136866,male,25,72.0,25370.907
136868,male,41,59.1,14219.15
136870,female,53,64.5,19312.56
136872,male,26,62.9,63442.102
136874,female,46,65.4,24681.729
136882,female,28,63.5,19795.686
136883,female,32,63.4,19061.262
136887,male,25,67.1,145050.368
136888,male,21,74.1,125602.575
136890,female,62,62.3,35172.943
136891,male,31,196.6,56806.202
136892,female,79,64.4,13095.869
136893,male,59,68.0,141801.485
136897,male,70,171.2,21273.073
136898,female,46,60.1,97287.44
136899,female,26,60.8,31522.92
136906,female,53,61.9,40675.211
136908,female,55,67.0,9363.446
136910,male,70,70.7,19603.282
136911,female,39,67.7,132146.276
136914,male,56,70.2,54963.057
136917,male,49,76.4,39998.991
136918,female,24,62.2,115714.801
136921,female,61,64.4,32190.995
136922,male,44,66.1,25274.09
136923,male,20,63.2,46384.057
136925,male,63,68.5,28446.872
136928,male,58,67.3,87938.999
136929,female,47,64.3,23476.457
136930,male,52,67.5,128563.112
136931,male,69,65.7,29238.996
136936,female,68,61.5,37769.64
136938,female,53,67.3,95466.747
136939,female,59,60.7,23500.157
136942,male,43,71.9,27945.948
136943,female,47,62.4,47784.998
136946,male,67,67.1,45956.284
136947,female,22,70.1,68178.984
136950,male,25,67.8,80930.776
136951,female,80,62.8,27674.812
136953,female,57,61.8,48802.321
136954,male,35,69.6,98594.601
136956,female,62,64.2,16689.511
136959,female,70,63.1,41645.226
136963,male,32,70.6,38961.515
136966,male,80,66.9,43912.345
136968,female,52,63.2,27999.475
136969,female,29,62.0,65965.307
136971,female,67,64.6,28576.189
136972,female,78,64.4,47506.555
136973,female,71,64.8,24612.498
136975,male,49,65.8,44069.048
136976,male,31,73.9,46172.877
136977,male,29,70.7,49979.038
136978,female,45,59.9,44674.809
136979,female,78,64.3,21602.642
136980,male,62,68.9,17156.195
136982,male,47,69.4,79217.716
136984,female,78,61.2,25209.53
136987,female,80,60.0,21126.943
136988,male,65,72.0,36857.579
136990,male,63,69.3,22590.364
136991,male,48,69.5,56283.653
136993,female,58,67.3,15272.382
136994,female,50,64.1,28916.609
136997,male,77,68.9,37272.175
136998,female,77,64.9,35767.166
137004,male,21,69.4,70602.526
137005,male,30,73.5,40315.37
137006,male,55,72.6,33301.898
137007,female,77,63.3,30869.083
137008,female,30,65.8,56323.279
137009,female,56,64.9,9832.506
137010,female,68,59.9,13783.951
137011,male,32,68.9,44167.146
137012,female,30,64.1,37563.011
137013,female,80,150.3,51129.843
137022,male,73,70.1,21298.067
137023,female,27,61.6,59560.574
137026,female,36,68.1,58563.091
137027,female,44,64.3,27774.224
137029,female,58,58.2,38589.406
137031,female,35,59.9,16668.296
137037,male,55,69.0,58614.285
137039,male,64,71.5,51952.581
137040,female,62,67.7,34408.621
137042,male,71,68.2,46555.664
137043,female,60,64.1,7413.349
137045,female,59,58.5,21065.463
137046,female,65,59.5,12729.326
137048,female,60,62.9,29626.38
137051,male,64,68.0,21869.725
137052,male,53,71.0,15129.697
137053,female,57,62.3,129111.0
137054,female,23,66.5,16551.114
137055,male,68,69.7,40316.226
137056,female,64,66.9,21321.359
137057,female,32,61.2,31592.215
137059,female,71,64.5,27132.101
137060,female,52,58.1,48267.556
137061,female,78,61.1,21360.647
137064,male,58,69.8,24949.239
137065,female,66,65.0,55624.325
137066,female,25,65.4,101473.393
137067,male,58,66.1,70871.491
137068,female,50,60.0,31035.39
137073,female,58,64.4,23170.533
137076,female,80,61.9,57677.181
137078,female,80,55.2,11754.449
137081,male,48,68.2,93643.812
137082,female,79,61.1,14481.854
137083,male,61,67.2,19862.677
137084,female,46,62.8,9733.123
137085,female,36,63.5,21286.094
137088,female,80,61.2,48244.754
137090,female,23,64.4,25660.709
137094,male,45,75.4,44879.92
137096,male,68,70.8,37751.34
137100,male,77,172.1,43924.214
137102,female,39,62.4,37383.431
137103,male,45,72.4,52923.239
137106,female,68,63.6,16283.486
137107,male,40,65.0,37840.661
137110,male,40,71.9,118852.762
137112,female,26,65.5,39569.635
137113,male,65,70.9,25934.493
137116,female,49,66.7,10979.921
137119,female,77,58.5,12766.892
137123,male,68,70.3,57779.992
137125,female,42,62.6,38692.808
137126,male,68,68.7,34356.389
137128,female,25,66.0,105945.592
137132,female,51,68.6,24686.19
137133,female,52,65.7,33322.965
137136,male,71,69.7,30315.531
137137,female,48,60.5,36709.727
137138,male,70,70.4,17889.317
137139,female,53,63.8,67019.231
137140,female,64,62.4,26948.049
137142,male,71,68.8,39179.18
137145,female,55,67.9,53059.516
137146,female,55,60.9,29516.341
137149,female,33,67.2,61513.288
137153,female,67,63.5,25029.128
137154,female,65,163.7,23016.902
137157,female,47,65.6,91592.71
137158,female,41,61.3,72062.657
137159,female,67,64.8,17467.476
137160,female,46,62.0,46163.35
137164,male,59,69.4,49299.283
137167,female,72,61.5,23031.074
137170,male,65,70.9,12859.226
137175,female,68,60.4,12194.351
137177,male,51,64.1,58540.782
137178,female,68,61.9,29017.813
137179,female,64,63.8,27203.659
137182,male,75,64.4,43334.594
137184,male,38,68.7,14156.443
137186,female,79,63.1,32016.436
137191,male,23,67.1,51543.017
137193,female,32,62.3,70618.137
137194,male,58,67.2,70539.435
137198,female,23,65.0,56429.063
137200,male,40,63.0,117290.079
137202,male,24,68.9,65618.637
137203,male,33,68.9,43868.685
137206,female,68,61.3,21751.125
137208,female,54,59.2,11873.148
137209,male,44,63.8,13781.78
137212,female,80,61.3,39565.101
137213,male,31,68.1,52023.791
137214,female,31,66.1,48275.044
137215,female,56,61.1,32503.454
137216,male,53,74.7,16630.825
137218,male,39,74.2,23511.839
137220,male,64,72.3,48963.31
137221,female,69,57.8,15793.81
137224,female,53,62.9,82231.134
137228,female,33,63.3,23494.184
137230,male,80,66.7,8836.44
137232,male,61,66.1,31710.121
137234,male,63,70.1,32894.734
137239,male,79,68.5,47867.163
137240,male,23,68.5,100542.578
137241,male,47,68.3,189266.591
137243,female,63,63.5,72765.519
137246,female,39,63.0,41641.049
137248,female,80,63.0,42295.95
137249,female,42,64.8,22565.088
137250,female,49,59.3,23540.015
137251,female,66,65.0,39111.226
137252,female,66,61.1,36744.468
137253,male,31,72.9,71637.627
137255,female,54,157.0,88838.09
137256,female,75,61.3,14615.788
137261,male,75,65.0,49360.116
137263,female,57,59.1,7563.773
137264,female,80,61.7,35414.501
137268,male,48,70.6,72233.192
137269,female,49,63.3,18579.971
137270,female,68,61.4,20312.277
137271,male,44,68.9,37153.562
137272,female,56,63.0,32866.475
137274,male,61,67.6,40619.995
137276,female,64,61.7,17558.764
137279,female,30,66.3,43924.161
137280,male,58,74.1,12462.999
137281,female,59,62.9,25344.044
137283,female,80,63.1,54946.178
137284,female,60,65.8,27314.873
137286,female,65,57.9,48064.73
137288,female,33,59.8,20532.823
137291,male,64,70.8,45775.464
137293,female,61,62.4,33562.099
137295,male,24,69.3,49709.081
137296,female,69,58.9,13431.674
137299,male,25,75.8,76405.932
137300,male,34,68.7,30406.056
137301,female,52,58.0,46059.207
137302,female,57,65.6,33613.423
137303,male,50,66.5,96850.648
137304,female,38,65.9,22379.765
137305,female,27,60.8,17696.665
137306,female,41,66.7,38859.549
137307,male,66,62.6,11121.158
137308,male,70,67.3,15013.849
137309,female,45,59.0,26492.54
137310,male,69,67.6,18297.134
137311,female,41,58.5,34423.114
137313,male,37,67.3,56943.013
137314,male,67,70.9,51333.753
137316,female,26,59.0,40888.721
137318,female,55,62.8,29255.336
137319,male,62,71.5,20880.581
137323,female,32,62.2,96252.655
137324,female,58,59.7,25626.363
137325,female,65,66.9,27115.317
137329,male,74,65.7,46446.981
137330,female,47,68.4,18744.772
137331,male,70,70.0,34445.45
137332,male,72,73.5,13621.832
137333,female,41,57.6,40274.596
137335,female,63,66.6,27867.434
137337,male,33,65.9,32878.704
137339,male,49,68.2,33740.43
137341,female,53,63.2,41500.83
137342,female,49,56.9,20422.472
137344,male,50,68.1,20336.781
137345,male,26,66.9,94059.454
137348,female,31,66.7,105680.212
137349,female,78,58.6,40622.822
137350,female,64,66.8,17864.907
137351,female,41,63.5,55323.093
137352,male,73,69.6,31152.642
137353,male,69,69.7,7325.037
137354,female,68,61.9,28303.824
137355,female,37,65.2,41705.089
137366,female,73,59.3,15384.027
137368,male,55,73.8,38384.448
137370,male,73,68.0,19674.421
137374,female,25,64.8,37416.495
137375,female,60,65.4,42481.951
137378,male,70,61.8,11382.885
137379,male,66,67.5,21512.97
137381,male,40,68.1,137282.46
137383,female,73,65.8,26827.094
137385,female,36,59.0,18544.549
137386,male,56,69.1,61795.454
137387,female,69,60.8,22136.803
137391,male,62,72.5,35791.184
137394,male,65,69.3,15703.916
137395,female,63,63.2,13981.279
137396,male,43,66.9,136240.392
137400,male,67,68.9,42284.326
137401,male,75,70.9,29345.14
137402,female,40,66.1,18681.671
137403,male,80,63.8,37514.774
137408,male,24,75.9,57559.709
137409,female,41,64.7,77995.704
137410,female,20,61.5,36883.011
137411,female,31,64.5,25282.754
137412,male,66,73.3,37566.173
137414,female,44,62.8,25707.128
137415,female,80,59.5,20960.066
137417,male,43,69.7,27925.104
137419,male,31,69.6,39854.235
137423,male,44,65.7,101060.254
137424,male,28,71.3,99078.973
137425,female,51,52.4,15598.991
137429,female,72,61.4,33951.918
137432,female,70,61.3,12405.539
137435,male,44,64.6,38175.498
137436,male,80,72.5,39192.232
137438,female,65,62.5,46773.464
137439,female,46,66.8,44817.521
137440,female,50,58.8,53887.435
137443,male,62,70.4,19365.791
137446,female,57,66.1,34328.505
137447,male,72,71.1,17993.949
137448,male,80,66.9,47396.874
137451,male,80,68.8,17419.045
137453,female,64,69.3,49789.426
137455,male,76,64.3,10183.109
137461,female,61,62.4,22572.236
137462,male,73,70.0,11379.239
137463,male,60,71.4,21717.849
137464,male,33,69.9,20254.045
137465,female,80,58.8,22109.15
137468,female,31,64.0,34250.954
137472,female,41,63.6,44744.249
137473,male,26,73.5,48271.258
137474,male,64,64.0,18895.484
137476,female,70,64.1,32806.634
137477,male,39,66.8,72964.774
137478,male,73,70.9,50152.69
137480,female,23,64.0,54499.72
137481,male,58,73.4,25896.653
137482,female,38,65.7,73418.534
137483,female,42,65.0,36250.279
137488,male,29,71.7,42831.156
137489,male,75,68.5,23680.741
137490,male,44,67.0,32634.969
137493,female,31,64.3,26107.848
137495,female,68,63.9,20180.23
137499,male,80,66.6,24948.64
137500,female,75,60.7,14669.813
137501,female,35,63.0,81638.34
137502,male,80,70.4,41771.417
137504,female,63,62.9,33270.168
137508,male,79,66.9,17628.992
137510,female,80,62.7,23782.226
137511,male,74,73.3,37648.474
137512,female,69,63.1,15150.055
137515,male,72,66.8,15576.916
137517,female,51,64.7,25750.079
137518,male,48,67.2,49722.302
137519,male,33,70.7,75372.949
137520,male,73,68.9,21935.651
137523,male,56,65.9,95095.183
137526,female,45,66.1,40300.781
137528,male,57,67.4,38360.082
137530,female,53,63.5,26201.442
137531,female,30,65.9,16370.145
137532,female,43,70.7,34706.264
137534,male,48,70.4,56401.547
137535,female,58,63.2,30116.255
137537,female,37,64.4,35813.926
137541,female,74,59.6,20981.852
137544,female,75,60.9,19052.088
137545,female,59,59.3,18957.82
137547,male,61,68.7,19003.166
137548,male,33,62.1,63071.006
137550,male,56,70.6,37286.976
137551,female,61,64.4,27225.199
137552,male,64,69.2,41121.018
137559,female,38,68.1,21180.0
137563,female,55,63.5,71297.428
137564,male,51,71.3,64703.755
137567,female,36,64.1,9966.863
137568,male,24,73.0,77975.434
137569,male,20,67.0,83617.294
137571,male,72,66.2,32189.862
137573,female,44,63.0,26843.216
137575,female,76,57.2,21679.788
137579,female,38,63.0,38747.141
137580,female,23,65.2,74296.159
137581,male,39,71.5,63926.655
137583,male,36,72.3,73408.1
137585,female,63,67.5,31032.018
137590,female,53,63.9,41225.895
137592,female,50,65.2,49264.533
137593,female,42,68.5,60702.441
137595,female,54,62.6,64400.589
137597,female,61,151.5,9040.023
137598,male,71,66.3,11667.364
137602,male,80,64.4,22323.93
137607,female,32,67.0,40795.696
137610,male,59,65.2,23576.332
137612,male,46,61.4,36333.129
137613,female,63,59.6,12013.029
137614,female,34,59.5,120625.46
137615,female,21,64.2,19523.946
137617,female,33,65.1,35990.248
137619,female,64,63.1,31378.457
137623,male,66,67.0,48079.11
137625,female,63,62.9,48782.81
137626,female,31,61.8,46268.543
137629,female,35,61.5,23230.588
137632,male,46,69.5,96441.812
137634,male,68,67.4,24059.733
137635,female,75,65.2,21830.903
137643,female,44,61.0,29351.754
137644,female,33,63.5,44055.521
137649,female,34,62.2,53916.6
137650,male,28,72.7,23309.522
137651,male,51,69.3,47915.608
137652,female,61,60.9,18002.15
137654,male,69,69.6,39268.756
137655,male,48,66.4,12897.627
137657,female,67,60.9,21570.912
137659,female,78,65.7,42594.63
137660,female,27,61.8,97949.711
137661,female,42,66.1,60061.341
137662,female,62,60.7,18477.19
137663,male,29,69.7,33732.853
137664,male,69,68.6,29238.996
137667,female,43,159.6,43277.834
137668,male,50,74.2,56204.03
137670,female,63,58.3,49677.257
137674,female,61,67.0,16444.623
137675,male,27,71.3,85146.239
137676,female,43,64.0,15442.745
137680,female,74,63.3,32751.843
137683,male,33,71.1,104531.678
137686,female,38,64.8,100342.968
137690,male,57,62.8,15522.39
137695,female,78,61.9,12497.021
137696,female,64,64.3,18873.244
137698,female,65,58.8,57862.756
137700,female,31,60.5,60944.559
137701,female,60,61.9,13732.845
137702,male,46,71.3,58558.295
137703,male,51,69.6,65828.829
137705,female,65,61.6,9714.371
137706,female,58,62.9,19403.232
137711,female,78,63.2,21830.903
137713,female,40,64.8,20310.688
137716,male,67,66.0,23824.714
137718,female,60,63.8,27204.99
137721,female,78,64.4,87065.25
137722,female,33,68.6,41077.554
137723,female,60,64.1,22555.831
137725,female,44,63.0,8942.606
137726,female,57,61.1,34772.015
137729,female,68,62.9,15255.633
137730,female,34,68.1,17721.847
137733,male,28,71.9,26207.153
137736,male,66,68.9,23062.281
137737,female,73,69.2,17251.971
137738,male,67,69.0,18948.154
137739,male,64,67.4,24180.261
137740,female,28,62.8,63514.105
137741,female,30,63.4,30691.225
137742,male,55,66.7,27481.528
137745,male,80,64.0,19798.355
137747,female,65,63.9,15222.618
137748,female,42,64.2,21814.906
137752,female,61,59.2,27740.989
137756,male,51,64.3,149429.836
137757,female,23,63.2,58917.503
137760,male,20,69.2,53989.662
137761,female,35,66.5,46357.247
137765,male,43,75.9,22186.24
137768,male,44,71.0,27944.673
137771,female,78,64.8,24185.217
137773,male,61,64.5,23164.455
137774,male,48,69.6,34936.263
137777,female,43,63.3,88734.861
137781,male,44,61.1,62874.327
137784,male,27,66.8,78015.676
137787,male,44,65.9,97134.614
137788,female,79,58.9,41366.558
137789,male,67,71.3,44615.883
137790,female,66,59.6,17608.424
137791,male,55,68.2,63370.194
137793,male,67,66.5,24267.691
137794,male,80,65.7,34333.121
137798,male,72,70.0,21064.211
137799,female,66,61.2,17153.385
137800,male,34,68.1,35618.147
137801,male,68,66.6,12129.852
137803,female,51,65.7,59008.802
137804,female,49,161.4,33637.433
137808,female,66,63.3,36046.047
137809,female,32,63.7,165124.489
137810,female,43,63.1,44214.001
137812,female,33,66.5,14695.293
137814,female,38,59.7,11181.123
137815,female,48,62.2,99802.906
137816,male,46,71.5,65927.552
137818,female,46,67.6,72035.003
137820,male,32,69.7,30834.455
137822,male,72,68.9,25630.399
137823,female,69,58.7,18172.071
137824,female,23,62.4,26089.908
137826,female,39,63.6,20897.707
137829,female,40,62.7,59585.626
137831,female,64,63.1,18191.07
137832,female,67,66.2,33562.099
137834,male,61,70.2,8244.049
137835,male,80,65.5,17162.881
137838,male,29,72.6,69551.079
137840,female,40,61.9,104299.943
137841,female,80,64.0,18888.014
137843,male,21,180.0,136352.798
137844,male,79,64.9,9421.93
137845,female,49,66.3,20002.444
137846,male,47,70.0,71802.771
137849,male,24,70.7,33839.209
137850,female,66,62.3,25318.389
137851,female,33,66.4,43042.144
137852,female,75,61.7,60828.83
137853,female,57,59.3,18313.498
137858,female,54,63.7,15173.936
137860,female,67,62.9,13058.408
137862,male,36,68.7,60093.169
137863,female,75,63.9,11943.804
137865,male,32,70.3,135860.303
137870,male,46,67.3,40249.071
137871,female,20,67.3,62061.775
137872,female,78,64.4,25420.246
137873,female,73,62.5,16786.51
137875,male,80,65.7,25069.324
137876,female,80,63.9,47562.088
137877,male,30,69.3,61447.235
137878,male,69,67.4,25906.532
137879,female,54,68.2,64999.788
137881,female,63,68.0,21572.965
137882,male,62,68.6,14277.173
137883,female,74,63.3,45685.072
137884,male,60,69.3,59345.093
137885,male,74,60.9,27105.043
137886,female,67,60.5,20573.584
137888,male,45,69.0,58133.554
137889,female,34,62.0,20246.681
137890,female,44,63.3,40254.888
137891,female,29,66.6,49981.102
137892,female,51,65.0,38370.075
137893,male,60,74.5,27053.618
137894,male,72,69.1,14101.668
137895,male,35,73.7,18543.161
137900,female,40,61.9,84215.287
137901,male,34,68.9,75363.746
137905,female,35,64.8,45392.19
137909,female,40,60.6,29055.256
137910,male,73,68.5,39704.612
137911,female,80,56.3,19537.764
137914,male,67,71.2,25106.708
137926,female,63,62.4,31113.817
137928,female,34,63.1,27854.123
137932,female,59,64.1,98077.205
137934,male,67,71.1,26654.55
137936,female,72,61.3,41704.046
137937,female,37,64.6,15333.572
137939,male,34,69.3,24557.392
137942,female,71,62.3,11527.111
137943,male,32,69.8,35087.443
137945,male,46,63.9,86962.411
137947,male,64,60.7,45592.026
137948,male,53,70.9,23367.489
137949,male,63,73.0,54623.306
137950,female,50,63.3,61335.585
137952,male,73,73.9,21624.29
137953,female,65,62.6,18937.091
137955,female,41,64.6,76797.161
137958,female,70,60.3,35327.756
137962,female,72,61.1,16034.34
137963,male,71,68.5,71343.26
137965,female,53,62.2,74420.62
137967,male,71,72.3,25224.598
137970,female,37,66.5,55876.589
137972,male,58,72.6,10075.292
137974,female,37,63.3,17039.069
137976,male,67,67.8,17037.132
137977,female,67,65.6,16747.877
137979,male,44,64.5,52131.616
137982,female,62,58.7,24535.771
137985,female,74,66.3,58810.145
137988,female,74,60.9,38015.202
137989,female,43,67.1,53869.821
137990,female,45,168.4,26465.294
137991,female,60,62.3,33721.13
137992,male,67,68.4,31227.222
137996,female,40,65.8,60624.434
137999,female,52,62.4,17547.323
138000,female,62,65.5,10116.885
138005,male,70,70.2,18897.909
138006,male,75,67.3,45314.771
138007,male,35,65.6,24141.401
138009,female,20,63.5,37517.459
138011,female,68,65.3,17221.08
138012,female,26,68.6,58541.381
138013,female,58,62.8,58459.608
138014,male,38,69.6,25448.725
138015,female,63,67.1,21118.562
138016,female,36,66.3,30765.633
138017,male,32,68.1,82575.332
138021,female,40,65.3,77976.07
138022,male,80,68.3,43312.969
138027,female,67,65.6,17213.423
138028,male,70,68.5,28175.278
138031,female,35,58.2,70319.652
138032,female,21,69.3,112321.43
138034,male,29,69.2,55283.389
138036,female,50,63.3,82330.448
138037,female,39,60.0,58218.289
138038,male,72,69.8,16413.838
138040,female,21,60.7,119086.023
138044,female,44,63.4,19750.85
138046,female,58,61.5,21646.505
138048,male,55,70.2,88891.514
138049,male,40,69.8,20542.59
138050,female,75,65.0,20827.309
138051,male,21,68.0,116213.22
138053,female,65,60.2,47803.766
138054,male,57,69.3,116147.383
138055,male,77,72.4,19251.569
138056,female,69,65.2,10936.879
138057,male,56,68.7,108525.833
138059,female,80,66.2,129278.804
138061,female,67,64.3,28681.908
138062,male,71,75.8,21226.276
138063,female,24,61.3,58603.041
138064,female,77,59.4,14388.064
138068,female,60,58.5,17225.363
138072,male,67,70.5,27107.556
138073,male,65,68.1,12326.797
138076,male,67,63.3,28494.346
138078,male,73,69.4,11752.159
138080,male,37,68.2,54030.358
138081,female,57,63.8,33050.544
138082,male,59,70.9,53830.084
138083,male,66,69.9,48305.43
138084,male,59,69.3,40149.166
138086,male,63,69.8,53124.88
138087,male,73,69.8,14893.664
138089,female,34,66.5,50011.526
138090,male,37,69.6,34857.624
138092,female,72,60.5,18657.396
138094,female,34,66.8,14550.517
138097,male,78,68.0,18058.008
138100,female,70,63.0,22823.753
138101,female,74,57.0,11334.282
138102,female,30,66.3,75430.295
138103,male,60,69.0,39968.541
138104,male,34,68.7,35623.012
138106,male,37,71.1,59216.586
138108,female,34,67.0,33360.911
138109,female,46,58.0,35403.022
138110,female,69,63.7,18156.013
138111,female,48,63.3,12461.855
138114,female,62,66.1,29788.18
138116,female,70,62.6,45909.108
138117,male,65,65.8,45395.432
138118,female,21,62.2,75421.753
138119,male,80,67.2,20994.27
138120,female,56,62.5,43148.765
138122,female,65,64.0,23208.646
138124,female,41,67.0,76409.505
138126,male,65,70.0,26905.083
138128,female,64,64.9,13626.331
138131,female,26,57.5,29796.457
138132,female,68,63.9,23326.476
138135,female,62,58.5,30077.63
138136,male,56,69.9,112868.955
138137,male,35,167.1,58030.758
138138,female,37,157.4,31300.666
138140,female,53,61.3,121193.108
138141,female,67,65.6,37121.526
138144,male,71,70.3,13130.933
138146,male,71,70.0,27766.488
138147,female,30,63.7,65800.088
138148,female,46,58.6,44623.286
138150,female,30,68.1,30531.86
138152,male,34,67.6,43932.209
138153,female,66,64.4,19332.157
138154,female,65,58.9,12975.136
138156,female,47,64.1,29759.596
138158,female,60,60.4,41864.49
138159,female,43,67.0,57253.957
138160,female,52,59.2,53267.668
138162,female,63,163.2,52270.179
138163,female,31,59.9,84927.34
138164,female,51,65.5,17932.369
138166,female,62,66.2,13566.319
138167,female,57,61.1,46912.915
138171,female,71,62.2,14245.703
138175,male,40,75.2,122571.917
138177,female,80,61.8,24121.696
138178,female,36,66.5,15687.937
138181,female,67,58.3,28691.071
138184,male,76,65.5,38711.798
138185,male,59,67.3,43887.945
138188,female,73,63.3,18657.396
138190,female,80,60.9,43268.531
138191,male,55,69.4,22810.898
138193,female,80,57.4,11369.891
138194,female,21,63.2,89658.428
138195,female,60,59.1,30846.239
138196,male,61,69.1,16792.536
138198,female,79,64.3,49659.157
138200,male,63,70.7,44685.142
138204,female,33,63.9,10169.487
138205,male,58,66.1,94121.167
138207,female,65,62.2,18326.857
138209,male,24,70.1,93635.311
138211,male,37,74.4,63062.451
138213,male,67,64.0,41186.091
138218,female,37,66.7,19197.086
138219,female,63,61.1,13503.636
138220,male,61,63.1,27732.217
138221,female,68,59.2,12978.309
138225,female,67,63.7,26124.4
138228,male,72,69.2,25376.748
138232,male,70,68.9,18741.49
138234,male,30,62.3,65764.544
138236,female,39,64.0,27774.58
138238,female,62,66.0,25529.379
138240,male,78,63.5,45095.14
138241,female,52,66.4,33028.495
138244,male,80,61.8,21814.326
138247,male,32,66.1,84740.4
138249,female,41,63.1,48021.404
138250,female,34,63.5,41960.301
138253,male,33,72.0,25032.493
138254,male,79,70.4,41450.601
138255,female,65,61.7,13948.727
138257,female,72,62.0,18201.412
138258,female,62,64.5,11842.111
138261,female,58,61.0,36019.992
138263,female,31,59.6,40372.404
138267,male,70,66.6,17838.205
138268,male,67,69.1,41236.603
138271,female,20,62.6,20008.72
138272,male,63,65.5,22283.328
138274,female,69,61.3,11584.582
138280,female,65,64.8,11062.258
138283,female,80,57.4,12416.115
138285,female,28,68.8,30450.525
138288,male,61,65.6,13904.469
138290,male,23,68.0,46464.421
138291,male,58,73.5,66797.509
138292,female,48,63.9,19000.829
138294,male,63,70.7,9924.845
138296,male,63,69.3,17850.357
138297,male,40,69.4,84547.597
138300,female,73,62.3,17225.095
138301,female,21,68.0,54933.125
138302,female,39,66.9,34188.947
138305,female,80,63.8,78064.448
138308,female,41,63.8,82590.077
138311,male,31,67.4,79128.761
138315,male,26,74.9,39831.837
138316,male,59,66.4,118263.775
138317,male,57,72.0,27669.119
138318,male,75,68.3,27580.86
138319,male,57,70.5,9768.703
138320,male,68,67.4,36622.289
138323,female,31,70.0,44579.547
138324,female,71,60.2,23552.511
138327,male,44,65.6,57019.247
138328,male,57,71.8,13127.833
138329,female,56,59.7,41085.202
138330,female,64,64.9,19561.722
138331,male,36,73.1,30933.335
138336,female,80,59.5,24058.667
138339,female,40,62.0,55538.408
138341,female,58,61.7,39574.182
138345,male,69,70.1,37017.707
138347,male,80,67.5,9909.639
138350,female,27,65.6,24264.753
138352,female,39,63.3,19840.939
138353,female,80,58.3,14856.891
138356,male,49,72.1,63572.701
138357,female,40,70.0,21841.189
138358,female,61,63.4,28525.178
138359,female,20,67.6,35840.656
138360,male,33,67.4,39319.868
138364,female,26,65.4,18407.846
138367,female,54,68.8,32205.105
138368,female,79,59.5,10063.497
138369,female,73,65.1,33285.392
138374,female,50,60.6,14323.427
138375,male,43,66.6,35795.298
138376,female,59,68.1,16985.922
138377,male,33,62.5,47290.766
138378,female,42,169.8,19867.857
138379,male,27,63.0,33663.998
138380,female,60,62.0,26874.348
138383,female,38,65.3,62039.723
138384,female,66,62.3,14176.167
138386,male,62,70.4,13222.921
138387,male,51,65.4,57488.262
138390,male,60,70.9,38612.709
138392,male,70,69.5,19641.851
138395,female,39,69.9,41470.984
138398,male,40,72.0,98423.636
138399,male,67,74.5,28571.537
138400,female,29,60.6,79577.284
138401,female,52,67.8,10956.98
138402,female,31,61.8,47370.114
138405,male,72,70.6,16565.563
138408,female,57,61.1,39743.871
138409,female,37,64.5,54876.024
138413,male,60,67.8,31077.449
138414,male,30,73.6,27873.112
138415,male,40,67.8,74087.462
138416,male,21,67.8,36071.968
138418,female,35,66.6,36807.049
138419,male,64,71.1,25718.11
138421,male,44,71.5,89513.44
138422,male,78,69.1,17984.753
138423,male,80,62.9,24241.556
138424,male,65,70.2,37928.46
138425,female,66,66.8,16202.427
138426,male,37,74.1,32919.762
138428,female,36,60.9,66160.662
138439,male,69,66.3,15915.849
138443,female,45,66.3,17234.675
138444,male,64,72.4,32866.73
138447,female,59,61.0,86986.953
138449,female,48,60.4,19204.003
138450,female,64,60.4,16417.174
138451,male,32,74.6,78143.06
138452,female,62,59.3,24205.732
138454,female,75,64.1,11648.232
138458,female,38,64.8,53877.326
138463,male,58,65.9,13230.721
138465,male,76,67.1,7334.537
138466,male,22,66.1,87635.681
138467,male,59,163.3,104879.996
138468,male,41,65.7,45828.62
138469,female,65,64.0,31896.151
138474,male,62,181.4,16645.658
138476,female,22,59.7,54337.32
138478,male,67,72.6,34925.967
138480,male,80,72.1,13323.938
138481,female,76,64.1,26753.963
138483,female,41,64.0,22184.673
138485,female,53,64.5,81146.822
138486,male,77,69.0,36743.77
138489,male,41,75.0,31494.687
138490,female,46,68.9,73357.376
138497,male,22,67.8,36793.621
138498,female,26,64.0,12624.681
138501,female,28,66.5,141810.117
138502,female,58,61.9,43072.684
138505,female,61,63.5,9666.571
138513,female,71,61.2,33961.596
138515,male,68,64.3,18633.521
138517,male,30,71.8,37764.175
138520,female,54,67.2,27607.342
138521,female,78,60.1,19086.625
138523,male,69,67.2,28805.476
138524,female,70,60.2,33983.359
138527,female,29,69.3,23148.099
138532,female,62,62.0,9231.445
138533,female,67,59.2,30547.369
138535,female,33,70.2,47229.758
138536,male,38,79.0,63818.077
138539,male,61,72.1,14975.882
138541,female,54,66.9,73558.552
138542,female,77,65.4,23922.651
138543,female,65,62.1,15235.177
138548,male,40,75.0,67172.641
138550,female,39,64.0,41067.612
138551,female,47,64.5,17227.788
138555,female,33,70.2,59526.501
138556,male,48,67.9,53482.846
138563,male,76,69.3,17240.686
138565,female,48,58.9,14682.597
138567,male,33,69.5,35781.489
138571,female,60,67.3,37911.67
138573,male,60,72.6,42254.368
138576,female,20,58.3,18226.971
138578,male,64,64.5,27691.07
138584,male,67,65.4,14701.098
138586,female,75,64.5,29686.567
138588,male,72,69.6,35628.995
138596,female,35,68.1,45015.011
138599,male,71,70.7,17864.0
138600,female,34,62.5,19459.996
138601,male,67,67.6,27107.556
138602,female,37,68.2,13709.875
138604,female,79,56.5,18602.085
138606,male,49,68.4,23867.791
138609,female,60,62.5,35128.881
138611,male,36,61.3,26572.648
138618,male,57,65.9,73685.253
138619,male,53,68.1,44857.364
138621,male,69,68.2,22131.912
138624,male,72,69.6,31116.17
138625,female,29,58.3,45840.366
138627,female,21,61.3,41183.036
138631,male,66,69.3,20201.105
138636,female,32,62.6,16033.873
138637,female,38,64.8,42969.304
138639,male,51,64.1,50136.653
138641,male,44,72.6,18232.367
138647,female,66,68.5,12778.168
138651,male,58,68.7,46686.672
138656,male,45,69.0,135097.453
138658,female,67,64.6,14090.107
138659,male,80,65.0,15819.044
138660,female,44,68.5,50401.453
138664,female,70,58.7,20754.63
138666,male,44,74.7,103211.263
138668,male,49,63.2,68853.353
138671,male,48,73.1,36161.294
138672,male,80,62.4,20363.184
138673,female,80,62.6,53770.922
138674,female,72,58.8,15559.83
138675,male,76,69.9,26199.862
138678,female,41,65.9,26917.727
138679,male,26,66.3,99209.421
138680,female,68,64.2,73704.588
138681,male,70,70.0,24371.329
138683,female,39,64.4,31429.607
138689,male,47,69.0,96896.058
138690,female,61,59.9,49474.781
138694,female,64,63.7,29300.75
138695,male,39,65.4,52622.611
138697,male,41,65.0,54656.515
138698,female,66,61.7,10997.149
138701,male,75,69.6,38747.46
138702,male,61,72.3,18766.296
138703,female,53,65.7,102255.998
138708,female,50,64.3,26545.606
138711,male,25,69.5,128277.989
138712,male,69,67.5,25779.27
138713,male,58,67.1,20746.853
138714,female,80,60.5,45647.767
138716,female,63,67.2,12778.168
138717,female,72,60.7,38024.801
138718,male,51,70.9,9768.703
138719,male,32,69.1,73253.11
138720,female,65,60.9,29956.946
138722,male,63,65.4,39448.013
138725,female,28,65.7,44237.476
138727,female,73,61.2,39731.928
138728,female,45,67.6,25980.792
138730,female,24,61.1,52691.26
138731,female,43,62.9,32603.525
138732,male,68,73.3,13617.296
138734,female,80,64.0,25015.613
138735,male,57,71.7,32826.873
138736,female,61,64.6,15643.437
138738,male,73,69.0,24466.454
138739,female,68,162.7,30732.722
138740,female,30,67.4,45441.662
138743,male,43,68.3,77383.705
138744,female,27,62.5,79260.574
138745,female,35,66.1,63430.009
138748,male,80,65.0,27081.598
138749,male,40,68.9,13160.888
138750,female,33,63.7,24982.015
138751,female,62,63.6,48910.285
138752,male,40,69.5,35901.898
138755,female,80,59.6,26872.889
138756,female,79,58.7,56766.825
138757,female,40,58.3,19955.093
138760,male,37,66.8,30373.487
138761,female,36,64.1,60750.198
138763,male,21,69.9,66457.014
138765,female,55,61.3,17873.623
138768,male,69,71.7,25231.425
138770,male,80,69.0,19321.28
138774,male,67,67.8,43404.216
138775,female,55,58.5,23461.699
138778,male,44,68.7,43955.725
138783,female,56,70.0,21116.733
138785,female,64,67.8,16967.635
138786,male,74,67.8,34429.078
138791,female,39,67.4,71762.942
138793,female,49,60.1,26067.354
138794,female,52,65.9,54842.673
138795,female,68,64.3,62429.24
138800,male,61,68.4,17630.229
138801,male,44,69.7,51735.843
138802,female,46,64.4,24681.092
138803,female,61,67.3,18912.666
138804,male,69,62.6,15076.0
138805,male,77,60.4,14330.316
138806,female,47,58.3,35112.012
138808,female,41,66.3,47147.619
138809,female,51,63.1,33040.704
138810,female,58,66.9,27235.872
138811,male,21,67.3,143007.666
138812,female,64,69.7,12648.859
138814,male,68,65.0,21168.694
138815,female,76,65.6,23526.85
138816,female,55,59.7,51697.209
138818,male,58,68.9,79683.66
138819,female,80,65.1,42724.988
138824,male,72,66.0,32173.458
138825,female,65,59.6,32283.138
138828,female,27,64.1,39904.948
138829,male,80,62.7,19609.663
138830,female,72,60.2,11954.687
138832,male,48,69.3,19750.606
138833,male,21,69.1,110290.565
138837,female,59,60.7,21399.646
138839,female,80,57.4,25995.389
138840,male,32,68.8,32118.949
138841,female,35,65.1,21456.28
138845,male,34,70.8,68931.463
138846,female,36,63.0,42767.259
138847,female,80,59.6,21723.677
138852,male,36,71.8,26653.186
138854,male,38,73.1,40412.119
138855,female,52,63.2,138127.565
138856,male,75,64.5,56134.711
138857,male,67,64.8,55866.156
138858,male,39,69.5,52471.248
138859,female,28,58.0,19487.764
138865,female,25,62.4,18734.088
138871,male,45,72.9,53855.999
138872,male,60,72.1,43616.829
138873,female,40,58.6,15222.018
138875,male,30,68.3,140232.243
138877,male,61,70.2,53025.357
138878,female,23,166.8,20237.873
138879,female,46,65.2,47873.795
138880,female,61,63.3,25961.238
138882,female,28,67.3,49102.791
138883,female,40,64.3,44287.746
138884,male,64,69.8,44382.721
138888,female,66,67.0,12343.857
138889,male,75,68.5,18847.097
138890,male,64,62.7,13509.33
138891,female,42,64.7,9362.763
138893,male,39,72.0,74806.743
138894,male,80,62.6,13959.788
138896,female,67,65.5,18169.903
138897,female,28,60.8,30392.272
138901,male,69,69.4,15820.905
138902,male,67,70.6,59276.356
138903,male,66,66.3,66712.493
138905,female,71,61.2,55755.873
138907,male,30,71.3,72848.346
138910,female,76,62.0,81584.047
138912,female,65,63.1,30649.962
138913,female,31,63.3,37985.931
138915,male,45,60.3,47746.126
138916,female,28,65.8,61598.424
138918,female,80,61.7,37409.174
138921,female,68,65.4,47933.569
138926,female,64,62.9,18594.445
138928,female,72,66.3,32118.808
138929,female,80,63.3,54831.766
138930,female,28,64.2,16551.114
138935,male,54,65.4,14584.025
138936,male,21,68.0,101351.094
138937,male,80,65.3,21091.252
138939,male,73,65.4,17137.998
138940,male,22,59.9,20949.484
138941,female,71,68.1,21217.534
138942,female,38,64.3,90846.172
138943,male,62,67.4,52179.229
138945,female,62,63.8,28681.908
138946,male,70,68.0,20771.023
138947,female,38,62.4,56734.681
138949,female,51,64.8,45783.743
138950,female,51,64.3,36151.259
138951,male,80,65.3,19351.893
138953,female,67,64.1,12432.473
138955,female,57,60.9,12940.128
138956,female,39,63.5,24835.111
138959,female,37,67.2,52468.208
138960,male,76,69.6,37717.824
138962,female,80,59.1,45420.091
138963,female,59,63.1,27233.148
138964,female,22,66.6,65651.378
138965,female,54,60.2,21531.36
138967,female,68,66.7,12154.496
138968,female,79,61.8,9035.533
138969,male,29,65.4,43889.391
138971,female,37,68.5,33714.363
138972,female,77,66.0,27360.906
138973,female,29,67.4,41097.228
138978,female,75,62.9,17112.74
138983,female,25,63.6,69413.832
138984,male,69,68.7,13544.67
138985,female,77,60.9,24421.012
138989,male,79,70.3,19171.658
138990,female,59,58.1,8965.375
138996,female,26,63.1,78435.462
138998,male,71,67.9,48246.605
138999,male,72,65.7,32756.089
139001,female,64,60.3,11506.733
139004,female,59,174.3,20362.346
139009,male,80,70.5,16758.88
139010,male,53,73.0,45948.753
139011,female,26,65.2,44475.344
139013,female,22,59.4,96315.307
139016,female,51,158.1,48706.299
139019,female,47,66.3,14687.894
139024,female,40,66.2,109171.391
139026,female,67,64.4,16613.037
139027,female,76,60.7,37214.111
139029,male,67,63.8,25110.218
139033,female,78,65.4,28109.389
139036,female,72,58.5,39380.354
139037,female,76,61.9,49516.192
139038,male,37,65.7,106713.345
139042,female,34,67.4,49227.315
139044,female,66,62.0,24381.888
139046,female,73,61.1,23246.297
139047,female,35,62.6,26239.851
139050,male,73,64.8,31753.268
139061,female,57,59.2,25164.627
139062,female,41,62.5,58073.786
139066,male,63,62.4,39723.16
139067,female,80,59.3,57255.856
139072,male,72,72.7,14584.939
139073,male,66,70.6,22103.86
139074,female,34,62.4,33337.087
139077,male,53,67.6,68029.003
139078,female,25,62.2,17097.815
139079,female,43,64.6,32207.743
139081,female,39,63.5,75766.781
139082,male,44,170.0,12574.728
139084,female,60,62.9,33500.552
139085,male,62,71.8,68406.293
139088,female,67,61.9,12485.245
139089,male,52,69.7,16563.917
139090,male,57,66.8,24440.669
139093,female,61,64.8,10460.293
139094,male,51,66.2,69282.127
139096,female,45,66.1,45851.9
139097,male,57,65.0,24998.72
139100,female,28,64.8,26798.019
139102,male,72,70.1,12175.173
139104,female,61,64.6,14046.609
139111,male,23,66.4,81536.552
139115,male,80,63.7,18205.778
139117,male,72,66.6,15120.392
139118,male,65,71.7,37708.819
139119,male,28,69.6,43246.992
139120,male,34,69.7,66763.822
139121,male,24,69.4,220519.005
139122,female,58,62.2,58060.877
139123,male,41,70.1,65949.291
139124,male,39,75.0,38647.37
139125,male,43,69.2,43615.527
139126,female,60,58.4,26681.858
139128,male,43,66.1,48765.522
139129,female,68,65.3,23585.241
139130,male,73,69.0,37070.099
139133,female,65,70.6,15713.434
139136,male,33,64.8,49588.089
139138,male,70,66.9,22339.538
139139,male,49,77.1,21751.985
139140,female,68,62.9,20969.033
139141,male,75,67.6,18354.829
139144,male,60,63.4,25896.434
139145,female,42,63.6,56454.411
139148,female,42,61.5,31701.724
139149,female,65,65.4,55974.294
139150,male,75,63.5,34505.429
139153,female,24,63.5,27259.315
139156,female,33,67.0,47149.293
139157,female,22,60.8,20783.896
139158,male,47,70.6,20971.864
139159,female,70,62.7,28926.033
139160,male,80,68.0,48022.07
139161,female,64,63.2,47736.942
139162,male,80,67.6,36951.859
139163,female,75,62.8,51800.527
139164,female,65,65.3,14438.698
139171,male,60,66.8,28725.719
139172,female,49,60.7,12162.345
139173,female,65,64.4,50613.264
139174,male,27,69.8,55113.271
139180,male,68,65.3,45057.018
139181,male,27,68.4,142173.443
139182,female,51,66.9,14981.624
139184,female,68,66.7,21503.47
139186,male,66,66.3,12430.573
139188,male,57,69.6,40932.55
139193,female,72,62.0,25021.2
139194,male,41,72.0,15860.601
139195,male,63,167.1,41905.978
139197,male,74,70.1,27962.054
139200,male,76,69.8,11046.933
139201,female,48,61.7,28591.237
139202,female,66,63.9,22894.151
139203,female,70,155.9,18151.315
139205,female,70,66.0,27722.62
139208,male,57,67.0,53574.908
139209,female,41,66.4,153597.568
139211,male,33,68.3,42583.182
139212,female,67,64.1,36284.179
139213,female,40,62.3,19973.256
139216,female,23,65.2,23764.111
139221,female,68,60.5,17317.388
139223,male,54,69.0,83482.47
139224,female,42,66.9,68318.97
139225,male,64,70.7,19646.997
139227,female,43,60.6,91848.236
139228,male,69,65.4,35977.503
139229,female,48,61.5,9535.045
139231,female,30,68.7,44496.79
139232,male,40,66.7,66929.092
139234,female,72,61.9,14288.145
139235,female,27,70.3,37681.405
139236,male,51,72.6,55503.509
139237,female,51,64.5,15443.165
139239,male,29,65.8,81536.552
139244,female,61,69.7,33259.957
139246,male,73,69.2,16709.169
139249,male,74,68.2,17699.101
139252,female,61,62.7,12463.908
139253,female,49,63.8,31240.17
139256,female,25,62.3,49758.24
139259,female,73,62.4,17597.128
139260,male,49,67.3,29441.212
139261,male,76,69.7,11646.087
139264,female,34,61.2,42445.864
139265,female,44,61.0,42769.831
139266,female,60,65.0,43638.115
139268,male,68,72.2,33910.319
139269,female,61,67.8,34519.233
139270,female,50,63.9,36309.663
139274,female,57,61.5,84826.655
139285,male,79,67.2,32784.266
139287,female,29,65.0,123391.725
139288,female,44,65.2,57642.42
139290,female,55,62.4,45863.755
139292,male,29,69.9,173703.731
139294,male,49,71.9,150765.574
139297,female,79,55.5,55019.56
139300,female,62,63.6,58581.616
139301,female,80,64.8,29248.417
139302,female,55,66.3,55986.269
139303,female,35,60.9,103164.984
139304,male,68,68.9,21995.42
139305,male,59,61.9,20655.565
139308,female,43,65.2,14861.584
139309,female,70,63.0,25427.321
139310,female,72,60.9,11954.687
139312,female,62,66.1,16605.84
139314,female,53,58.8,48831.003
139315,male,73,69.5,12415.249
139317,male,24,68.4,43591.771
139321,female,27,62.6,31783.259
139322,female,46,67.7,14381.15
139323,female,22,64.6,55507.16
139325,female,75,60.3,41908.559
139326,male,24,67.3,21669.047
139329,male,64,65.3,58755.026
139331,male,32,75.4,62113.511
139332,male,30,68.9,82643.558
139333,male,47,66.9,13584.581
139335,female,31,63.4,13021.151
139336,male,80,72.3,43937.336
139337,male,65,71.3,54918.778
139338,male,27,68.3,138168.543
139339,female,28,60.7,51487.753
139342,male,75,70.9,24638.369
139343,female,59,61.8,46826.027
139344,female,49,63.7,73238.704
139346,male,75,61.5,14567.332
139347,female,67,64.1,18096.548
139351,female,49,59.6,58732.165
139352,male,21,68.3,85237.78
139353,male,47,67.6,12053.273
139356,female,46,64.8,82354.133
139360,female,57,63.1,38190.789
139362,male,70,67.4,18471.791
139366,male,46,67.8,44793.05
139368,female,63,64.2,30927.115
139370,female,64,68.1,56007.01
139373,male,65,70.2,52224.893
139374,male,46,70.1,12180.381
139376,female,41,70.4,46140.954
139381,female,55,65.2,20957.481
139383,male,61,72.2,19217.127
139385,female,53,62.6,9657.316
139388,female,42,66.5,15253.386
139389,female,63,63.9,34892.533
139392,female,69,64.3,43638.115
139398,female,62,150.9,15753.748
139401,female,68,59.8,30047.264
139402,male,65,70.7,42442.669
139404,female,66,61.0,19669.1
139407,female,68,62.4,15068.852
139413,male,74,74.8,11668.043
139414,male,49,69.8,118993.545
139416,male,60,70.9,24336.478
139417,male,63,69.1,55971.9
139418,male,39,66.7,23581.83
139420,male,28,69.8,40546.319
139421,female,70,63.1,39538.48
139423,male,62,69.3,43088.919
139424,female,32,59.8,16063.314
139425,male,52,65.9,21431.985
139426,female,71,61.9,26944.209
139428,male,63,69.4,29052.123
139435,female,49,64.4,30194.739
139437,male,41,72.6,29295.518
139438,male,56,69.2,81717.401
139441,male,62,72.7,52628.677
139443,male,70,66.3,14222.781
139446,female,80,64.4,27877.779
139447,female,58,69.8,91161.61
139448,female,63,61.0,15995.4
139450,female,33,67.2,164829.133
139458,male,20,73.7,76299.902
139459,male,71,72.2,16065.971
139461,male,62,67.4,34018.708
139462,male,80,66.8,61276.366
139464,female,37,64.5,68794.094
139465,female,34,62.0,10135.08
139466,male,78,66.5,19171.658
139467,female,33,65.1,27445.794
139470,male,66,65.2,10479.476
139473,female,61,59.7,56454.94
139475,female,80,65.3,49329.045
139479,male,50,73.1,17677.874
139483,male,33,73.0,39635.787
139485,male,51,71.3,31992.455
139488,male,25,65.9,60274.247
139489,male,55,62.0,11505.916
139491,male,40,72.2,70196.781
139493,female,75,61.3,32399.69
139494,female,64,64.9,16723.083
139495,female,50,63.4,101450.602
139496,male,56,68.8,32129.034
139497,female,73,67.5,11019.88
139498,female,62,60.4,20760.054
139500,female,73,60.2,28595.285
139502,female,31,61.8,81388.881
139504,female,63,62.6,49474.781
139508,female,68,61.7,14023.217
139509,male,20,73.4,129120.695
139510,female,33,65.3,109899.921
139514,female,80,63.9,57544.95
139515,male,62,66.6,104204.625
139520,male,64,68.9,25728.202
139521,male,80,66.9,26491.977
139522,female,72,58.2,22628.463
139523,female,61,60.3,30602.037
139524,male,60,64.4,13084.221
139525,male,47,63.7,52121.413
139527,female,68,65.0,15030.415
139529,male,36,70.4,64112.955
139530,female,42,67.3,17488.959
139532,male,61,66.9,32734.062
139533,female,40,66.1,57509.884
139537,female,39,62.1,39388.944
139539,female,67,58.5,15996.518
139543,male,41,71.6,51428.575
139548,female,77,64.6,75576.445
139551,male,73,179.9,26587.847
139553,female,46,63.0,51804.481
139559,female,40,61.8,43692.247
139560,male,25,67.0,131305.177
139561,male,28,68.3,111394.183
139562,male,62,70.7,17940.007
139565,female,80,61.3,83955.121
139568,male,30,70.0,27318.811
139569,female,39,59.8,36523.401
139570,female,27,62.3,44334.076
139571,female,31,64.2,55453.577
139574,male,46,72.8,73440.248
139579,male,73,64.8,43523.564
139584,male,68,63.7,21367.935
139585,female,40,63.5,57436.58
139589,female,67,61.6,21336.214
139593,female,66,62.0,34553.298
139595,male,64,70.9,20390.809
139596,female,75,65.3,12497.021
139597,female,66,61.5,29052.551
139600,female,64,62.9,26809.717
139601,male,22,67.3,24363.908
139602,female,60,59.3,41025.257
139603,male,64,66.1,21404.821
139604,female,47,59.9,15150.755
139605,female,76,61.8,19638.071
139607,female,63,63.9,11493.339
139608,female,53,63.7,31023.565
139609,female,38,56.1,27010.52
139610,male,60,68.5,17158.716
139613,female,62,64.4,36727.422
139614,male,52,65.6,24529.982
139616,male,67,68.7,12426.832
139619,female,26,61.1,111009.532
139621,female,38,64.3,15839.762
139623,female,51,66.1,29926.099
139626,male,68,66.5,16509.011
139628,male,44,72.1,116356.17
139630,male,69,67.4,32565.821
139636,female,38,61.5,14665.665
139638,female,71,66.2,38895.35
139640,male,58,68.9,53236.309
139650,female,37,67.9,20060.287
139651,male,59,68.2,16006.024
139655,male,34,63.9,40759.011
139657,female,35,69.5,47717.235
139658,female,39,64.6,62963.772
139660,female,36,60.4,14841.519
139663,male,71,66.5,12415.249
139665,male,62,64.8,18203.609
139667,female,37,64.8,52181.801
139674,female,68,58.3,28658.281
139676,female,71,61.2,26747.964
139677,female,52,60.2,102509.22
139678,male,73,69.6,16727.406
139679,female,75,59.3,74748.701
139680,female,45,58.9,22859.139
139681,female,45,64.2,31089.558
139682,female,35,65.7,37900.501
139685,male,73,66.9,27351.098
139686,male,32,68.3,39166.649
139687,female,65,66.0,11116.571
139689,male,70,62.3,15977.563
139690,male,80,63.0,73182.45
139692,female,57,64.5,39713.589
139693,female,22,62.7,87728.603
139695,female,68,64.4,17029.013
139698,female,29,58.8,54510.607
139699,male,45,71.1,52663.2
139700,female,57,65.2,39205.853
139702,male,40,70.2,49004.086
139705,male,42,172.5,146405.228
139706,female,68,59.8,9882.798
139707,female,28,65.5,66483.886
139717,male,27,65.5,35461.548
139719,female,40,67.4,53369.3
139720,male,76,67.8,42529.52
139723,male,39,65.7,41795.906
139725,female,61,66.1,15515.499
139727,female,60,66.8,19126.062
139728,female,31,65.0,10925.553
139729,female,23,65.6,58830.899
139730,male,67,61.2,69243.958
139733,male,73,67.7,16088.719
139735,male,28,66.7,66720.241
139737,male,64,65.4,35590.994
139738,male,31,70.1,35344.457
139740,male,71,69.8,11020.848
139743,male,49,68.5,47932.892
139745,female,50,63.9,46005.173
139747,male,56,68.5,39614.04
139751,female,76,61.2,10870.726
139752,female,60,63.8,20125.543
139753,male,25,66.2,96949.469
139754,male,53,72.6,78591.005
139758,female,56,65.0,9832.506
139764,female,62,62.8,13291.259
139767,female,47,64.3,30902.957
139770,female,46,60.2,36111.561
139774,female,61,62.5,11683.551
139775,female,32,64.9,21165.38
139776,female,51,64.0,27857.534
139777,male,40,72.0,58536.695
139780,male,72,70.1,42901.892
139781,female,74,60.6,17656.075
139782,male,37,71.2,26605.74
139786,female,22,63.9,68671.82
139787,male,76,72.2,11785.617
139789,male,34,68.7,55271.482
139790,male,80,66.8,35380.22
139793,male,79,73.3,12879.664
139795,male,21,71.1,30880.192
139796,female,43,66.7,27661.017
139798,female,69,163.6,58924.882
139799,female,61,62.3,18291.861
139801,male,70,63.1,8500.054
139802,male,20,71.0,118018.411
139804,female,38,66.2,29644.642
139808,male,70,67.1,7060.8
139809,female,46,61.7,42726.503
139814,female,47,60.2,15848.392
139815,female,51,63.1,16219.729
139816,female,29,65.5,30838.987
139817,female,66,61.7,28603.438
139819,female,62,64.6,18912.666
139820,male,45,67.0,128275.326
139825,male,29,74.4,50020.562
139827,male,80,65.6,36800.994
139828,female,43,68.8,12869.995
139830,female,73,60.8,19658.582
139833,male,51,69.8,18914.604
139840,male,56,72.2,15354.4
139844,male,57,61.5,44799.256
139845,female,80,59.5,13861.224
139847,female,63,60.7,57458.407
139849,female,41,65.4,40295.838
139851,male,60,65.3,25950.157
139853,female,44,67.1,42242.046
139854,female,56,61.1,31823.309
139856,male,35,69.2,27644.42
139857,male,64,66.9,30886.104
139859,female,25,59.6,57183.364
139861,male,62,69.4,18450.766
139863,male,71,70.7,11011.01
139865,male,21,76.5,77842.413
139867,female,69,59.9,18203.533
139868,female,21,62.1,140492.386
139869,female,80,59.5,19831.838
139870,female,42,63.6,69773.794
139871,female,35,60.4,14377.447
139873,female,71,62.0,12802.752
139874,female,42,65.4,72035.003
139879,male,63,64.4,27036.436
139882,female,75,64.5,18691.42
139886,female,76,60.3,22966.122
139888,female,70,65.2,16258.715
139889,female,30,59.7,22005.499
139890,female,38,63.8,92164.485
139895,male,73,67.6,17654.704
139897,male,33,71.9,42486.549
139898,female,48,60.6,18358.797
139899,male,41,72.0,46465.673
139900,male,76,66.7,39179.18
139901,female,56,63.5,22710.926
139903,female,60,65.1,35905.245
139907,male,53,63.4,15990.231
139910,male,67,65.2,42420.58
139912,male,62,68.3,51964.9
139915,female,69,59.6,9714.371
139916,male,42,69.8,22834.384
139917,female,71,64.9,26768.446
139918,male,55,71.2,84828.065
139919,male,68,75.2,37794.038
139920,female,65,68.2,23515.746
139921,female,37,62.7,28315.759
139922,female,30,68.0,38845.57
139926,female,71,62.4,23805.626
139930,female,25,58.5,102203.639
139931,female,39,59.1,129144.782
139933,female,70,61.5,56875.508
139934,female,46,67.2,58719.179
139935,female,69,62.2,14386.6
139936,female,72,62.6,32806.634
139937,female,39,67.7,128824.463
139939,male,34,63.6,26197.969
139941,female,43,67.8,28747.988
139942,female,30,63.5,15932.208
139944,female,54,64.7,87710.161
139946,male,68,65.3,13401.235
139949,female,76,64.4,19512.516
139950,female,76,62.2,13809.025
139951,male,69,71.1,35712.21
139954,male,62,67.1,46587.823
139959,male,70,64.9,24242.313
139964,female,80,60.3,30201.55
139965,male,69,68.1,38612.709
139967,male,21,71.4,21965.287
139968,female,31,66.6,23986.665
139972,female,67,65.9,23914.82
139974,female,70,64.0,28997.123
139977,male,69,64.5,27090.053
139978,male,61,70.4,18528.22
139980,male,31,64.4,31885.675
139981,male,45,66.3,37379.022
139982,female,43,64.7,81577.693
139983,female,60,59.3,33399.509
139984,male,62,74.1,13163.133
139987,male,29,71.9,68053.53
139995,male,69,67.8,17216.989
139996,female,66,61.4,37289.915
139997,male,27,68.5,58119.316
139998,female,66,59.5,65555.892
140000,female,24,165.3,45911.741
140001,male,41,70.0,149580.256
140004,male,58,70.7,33751.653
140006,male,31,71.6,98095.502
140011,male,55,67.8,58464.873
140013,female,30,65.7,34550.684
140014,male,39,70.3,29828.232
140015,female,33,65.2,14559.872
140016,male,22,69.4,115388.046
140019,female,33,59.3,29316.176
140020,female,53,63.4,23499.225
140021,male,72,62.7,17984.753
140022,female,62,65.8,35137.402
140023,female,52,66.1,53119.957
140025,male,21,71.6,44975.706
140026,female,68,60.5,17446.454
140028,female,69,61.3,57543.508
140032,male,33,68.7,66631.959
140034,male,51,72.2,33374.973
140037,male,50,66.0,121380.489
140039,female,72,62.6,32798.93
140040,male,67,69.4,12662.492
140041,male,72,68.1,19768.27
140042,female,51,66.1,35881.632
140043,male,33,69.5,100650.394
140044,female,71,57.7,12379.726
140045,female,27,64.8,40181.701
140049,female,69,64.8,11567.773
140053,male,69,70.8,21605.745
140055,male,30,73.2,52963.767
140057,female,27,70.4,15804.229
140058,male,56,69.1,33336.126
140059,female,31,65.7,37581.29
140064,female,67,68.6,27294.629
140067,female,55,59.8,136564.752
140068,female,63,66.0,31946.261
140069,female,37,60.7,29082.112
140070,male,64,65.6,55984.01
140071,female,33,59.3,45764.925
140072,female,42,61.9,48896.378
140073,male,63,67.4,31255.092
140074,male,79,65.6,17878.138
140075,male,38,69.8,121170.815
140078,female,48,65.2,38025.338
140081,female,30,67.5,31396.201
140086,male,73,66.7,19251.569
140088,female,76,63.0,11544.327
140090,female,37,60.4,14919.52
140091,female,59,62.7,34703.037
140092,male,57,66.7,41544.301
140094,female,29,63.2,49468.029
140095,male,59,65.5,22348.486
140096,female,80,59.8,17919.008
140097,male,49,73.7,35507.971
140101,male,24,65.2,20034.151
140104,female,47,63.1,14665.698
140105,female,78,59.3,56058.854
140109,male,57,69.4,113484.561
140110,female,55,63.1,17319.282
140111,female,25,70.2,62298.673
140112,female,22,65.6,51263.505
140115,male,42,72.3,68870.706
140117,female,26,63.5,39953.769
140118,male,59,65.9,76084.571
140119,female,34,65.4,37145.265
140121,female,24,62.5,20585.626
140122,female,37,66.1,49877.599
140127,female,65,66.5,15135.209
140129,female,42,66.7,37459.777
140130,female,64,67.3,18156.013
140132,male,29,71.0,59154.235
140133,female,40,58.7,50910.839
140134,male,63,70.2,14183.526
140135,female,80,61.1,23306.868
140137,female,50,56.8,28256.341
140139,female,64,66.7,18191.051
140143,male,59,64.5,92702.828
140144,female,68,65.8,11263.29
140145,female,60,63.5,22808.747
140148,female,53,63.3,20187.389
140149,male,65,68.9,23648.128
140152,male,62,60.7,18148.308
140153,female,38,66.5,106623.236
140155,female,21,63.2,74014.297
140156,female,68,65.6,16747.877
140158,male,63,71.1,29825.326
140161,male,73,69.0,51894.76
140163,female,80,63.4,32203.137
140165,male,71,69.1,20674.801
140166,male,22,70.3,35759.164
140169,male,32,73.6,140911.51
140172,female,79,63.0,18657.396
140173,female,35,162.2,27068.922
140174,female,61,64.3,16718.789
140176,male,31,71.2,37972.046
140178,female,68,60.7,13350.691
140180,female,34,65.0,56527.532
140181,male,53,71.5,28647.723
140182,female,24,68.7,19711.611
140184,male,36,69.8,44754.222
140185,female,47,63.5,48156.698
140187,female,40,62.5,29397.023
140189,female,80,62.9,31965.679
140192,female,77,62.6,20670.677
140193,female,64,65.9,21305.794
140194,female,55,59.2,15207.222
140197,male,67,72.6,20674.728
140199,male,55,65.6,34334.295
140200,male,66,76.8,26482.985
140201,female,48,61.9,17097.856
140208,female,65,63.4,31468.075
140212,male,68,70.9,33988.595
140214,male,72,72.8,14264.508
140215,female,29,64.4,24026.002
140216,male,80,66.3,21352.698
140217,female,68,164.3,12357.217
140218,female,52,59.5,27545.886
140219,female,53,66.2,20004.363
140221,female,63,63.7,31627.048
140223,male,37,68.3,60725.699
140224,female,64,66.8,56823.485
140226,female,46,64.6,29245.893
140228,female,63,58.9,31426.331
140230,male,69,69.9,9924.845
140232,female,57,61.9,58040.817
140237,female,31,69.0,23865.401
140239,female,24,67.2,71537.228
140243,female,27,66.0,58116.371
140244,female,22,63.9,62121.876
140245,male,68,69.1,31709.595
140246,female,70,58.7,14773.429
140248,male,25,72.8,45222.358
140249,female,35,63.3,39001.748
140252,female,53,60.3,44672.124
140254,male,67,66.1,24888.869
140262,female,23,60.6,40848.69
140265,female,41,63.4,131856.277
140266,female,51,150.9,51491.34
140269,female,67,60.7,50751.294
140272,male,66,70.2,44992.66
140276,male,63,70.6,24118.324
140280,male,33,68.5,54650.342
140281,female,69,60.1,26221.626
140282,male,73,66.5,35753.374
140283,female,28,63.0,47680.394
140285,female,43,64.6,85802.543
140286,male,58,69.8,34678.009
140288,female,34,61.1,45229.035
140291,male,36,67.4,53828.965
140293,female,63,63.8,24569.367
140298,male,35,69.1,114486.542
140299,female,25,67.6,36684.382
140302,female,69,62.0,23147.663
140303,female,69,62.3,21161.134
140304,female,33,60.9,49023.567
140311,female,25,64.2,35919.656
140313,female,31,65.0,43454.934
140314,male,64,67.6,25950.157
140315,male,33,69.6,208140.088
140316,female,44,62.6,85854.551
140317,female,38,65.7,19360.543
140319,male,65,72.1,36962.257
140320,male,67,70.3,15058.088
140321,male,76,64.9,18571.833
140322,female,29,58.5,107084.163
140327,female,63,66.3,17723.655
140328,male,75,70.5,23135.991
140330,male,80,64.8,29932.688
140332,male,64,72.0,24571.064
140333,male,42,71.6,55616.506
140336,female,41,63.3,30187.177
140341,female,64,63.3,16723.282
140345,female,71,63.2,18916.89
140346,female,34,64.9,25987.322
140347,female,34,63.0,17578.545
140350,male,50,72.2,33443.757
140352,female,20,155.9,74722.054
140353,male,67,180.8,31257.861
140354,male,49,68.0,83844.97
140355,male,79,71.7,28731.209
140357,male,76,72.0,16419.164
140358,female,31,68.1,27251.816
140360,male,22,68.8,34925.428
140362,male,54,68.0,53684.937
140364,male,24,67.0,61755.238
140369,female,76,64.0,21952.537
140371,female,31,67.6,56840.537
140379,female,39,59.2,57725.256
140380,male,68,67.7,13426.275
140382,female,57,160.3,26658.04
140384,female,62,65.6,9737.456
140385,female,77,66.6,18602.085
140386,male,38,68.5,63330.556
140387,female,57,60.9,136022.681
140390,female,59,61.7,14472.809
140392,female,49,60.0,16767.241
140398,female,44,68.5,34625.822
140399,male,79,66.5,30740.988
140400,female,37,65.9,126199.696
140403,female,76,64.2,38970.534
140404,female,70,59.6,34980.91
140405,male,53,67.2,35689.956
140406,female,64,61.6,16880.777
140409,male,30,76.8,23357.524
140412,female,55,63.8,12672.022
140417,female,56,62.2,69651.706
140418,female,78,56.8,31009.612
140421,male,80,70.6,40744.097
140422,female,24,60.0,30459.893
140423,female,51,64.3,86024.712
140424,male,61,67.4,35795.997
140425,female,66,59.6,16083.333
140426,male,41,67.0,50364.601
140428,female,28,63.4,35976.244
140430,female,48,61.9,51416.895
140433,female,68,62.4,12254.72
140435,female,42,65.0,30556.259
140436,male,26,68.3,33202.919
140437,male,80,68.1,21518.944
140443,female,47,63.0,62307.386
140444,male,47,67.0,55026.294
140445,female,47,65.2,50566.171
140446,female,47,65.4,62781.934
140449,female,35,67.2,21677.92
140451,female,73,63.1,40901.443
140455,male,31,66.1,96593.641
140456,male,80,69.3,41681.056
140458,male,22,62.2,79074.299
140459,female,60,64.6,23241.834
140460,female,71,62.9,42530.344
140466,female,61,62.2,49023.602
140467,male,57,60.7,16708.691
140470,male,45,67.1,37758.637
140471,female,57,62.8,18364.85
140472,male,76,67.2,14156.793
140473,female,53,67.7,73434.214
140474,male,64,65.7,7975.371
140475,male,69,67.4,27588.511
140476,male,76,69.7,18196.682
140477,male,61,67.2,65866.608
140478,female,43,60.4,35763.205
140479,female,58,62.2,15294.132
140480,male,45,75.5,70533.682
140482,female,55,66.3,28774.326
140483,male,80,67.1,22959.759
140485,male,78,70.2,31451.929
140486,male,62,68.2,16244.496
140490,male,65,71.1,10725.49
140492,female,46,58.7,50028.881
140493,female,63,63.0,41786.743
140494,male,30,69.1,65919.629
140495,female,45,64.4,40295.838
140498,female,56,59.1,14272.719
140499,female,57,61.1,42302.082
140502,male,54,64.3,26113.178
140505,female,53,63.4,29978.972
140507,male,22,69.8,31339.492
140508,male,27,69.5,13183.43
140509,female,68,59.7,30846.239
140511,male,80,68.8,44279.17
140512,female,36,64.3,108536.447
140514,male,43,70.5,59789.64
140517,male,66,66.7,22872.535
140518,male,60,72.3,42484.394
140521,female,23,62.6,18463.419
140523,female,49,56.7,20620.536
140524,male,33,65.9,73361.266
140525,female,23,69.7,132872.88
140527,female,68,63.1,10339.867
140529,female,41,67.2,55693.403
140530,female,25,60.9,21473.817
140531,female,58,62.2,91408.415
140532,female,29,61.3,32657.888
140533,male,27,66.8,86566.008
140538,female,59,52.5,68607.718
140539,male,41,67.7,45428.933
140540,male,38,70.7,41699.649
140541,male,57,68.0,30708.801
140543,female,65,69.8,14914.326
140547,female,39,63.6,47248.349
140548,male,60,73.6,26771.887
140550,male,63,65.3,36704.015
140552,male,59,71.1,13663.778
140554,female,75,59.3,27380.981
140555,female,61,63.9,29922.72
140556,male,69,67.2,37264.819
140558,female,59,64.9,32007.827
140559,female,24,63.5,40194.987
140561,female,59,61.8,46658.208
140562,female,65,65.1,73451.66
140563,female,34,65.9,11941.633
140564,female,60,68.1,15945.668
140566,female,29,64.7,86833.483
140568,male,70,63.6,36726.103
140570,female,60,64.4,11715.936
140571,female,22,160.9,149898.086
140578,female,68,63.9,18451.197
140579,male,27,67.6,77238.106
140580,female,70,65.9,17926.797
140581,female,75,60.5,67256.656
140582,female,61,62.6,10116.885
140583,male,31,67.4,21298.43
140584,female,62,64.4,12818.683
140586,male,27,68.2,28391.713
140589,female,46,63.3,36044.075
140592,female,70,57.3,34908.318
140595,female,29,64.3,23803.866
140596,male,62,63.1,19920.266
140604,male,67,67.4,46509.505
140607,male,71,67.7,31382.794
140608,male,35,69.1,91381.168
140609,female,21,64.3,84536.598
140611,male,67,70.0,40479.207
140613,male,34,73.6,60277.911
140614,male,35,67.0,118645.982
140615,male,40,69.8,39850.478
140616,female,42,64.1,28768.419
140618,male,24,72.6,54063.319
140620,female,63,65.2,33695.8
140621,female,65,61.4,33554.766
140626,male,65,68.9,9855.095
140627,female,70,160.2,12825.663
140628,female,71,62.8,15260.437
140629,female,69,64.2,35163.157
140630,female,57,60.7,14882.324
140631,female,34,67.0,34520.34
140633,female,39,65.0,61401.021
140635,female,44,65.4,29434.002
140636,female,53,66.7,93627.886
140637,male,71,68.5,16289.033
140639,female,61,169.6,12797.463
140640,male,40,170.8,44320.916
140641,female,43,64.4,81331.666
140644,female,21,61.7,83585.903
140645,female,68,65.2,16417.174
140646,female,73,64.7,19004.303
140648,male,22,63.0,28780.447
140649,male,59,69.8,77515.188
140650,female,47,62.7,43000.811
140651,female,80,62.6,28152.653
140658,female,79,61.4,23543.768
140659,male,72,63.4,14101.765
140661,female,71,62.2,25092.016
140665,male,59,70.1,58582.068
140666,male,80,65.4,24671.209
140667,female,67,62.7,15489.064
140670,male,72,64.6,22906.77
140672,female,29,61.5,107871.095
140673,male,67,73.9,64617.205
140674,female,53,61.8,64178.424
140677,male,61,64.9,8001.098
140680,female,80,66.0,20958.3
140682,female,52,62.5,22195.188
140683,male,44,63.3,45746.871
140684,female,75,61.6,11019.88
140686,female,67,67.7,34185.127
140689,male,63,67.2,11275.953
140690,male,36,72.1,67361.082
140692,male,53,69.1,34497.68
140694,female,70,68.1,71303.91
140696,female,67,59.0,13087.822
140697,female,49,62.9,42823.88
140698,female,21,66.7,64541.709
140699,male,66,68.4,14303.38
140702,female,80,64.1,16739.047
140703,male,40,67.0,15039.823
140706,female,30,58.3,19090.409
140708,male,34,68.6,30928.279
140710,female,46,66.1,55295.426
140711,male,58,63.6,33127.834
140714,male,63,67.4,76093.237
140718,female,61,62.1,17909.437
140720,female,61,61.3,19306.156
140723,male,65,72.1,36857.579
140724,male,46,69.2,65500.276
140726,female,24,60.8,64486.962
140727,female,45,65.4,153621.361
140728,male,38,65.0,161389.357
140729,female,65,65.0,20799.839
140730,male,65,70.9,26292.647
140731,female,42,65.7,25181.764
140735,male,38,66.1,164940.72
140740,male,49,69.4,26823.134
140742,female,65,65.1,58999.473
140745,male,57,69.8,42267.589
140746,male,50,67.6,25385.962
140748,female,76,63.9,35902.363
140749,female,71,60.3,15986.733
140752,female,77,62.5,20217.234
140753,female,36,57.5,49121.433
140754,female,65,63.4,8722.74
140756,male,48,67.9,98680.761
140757,female,58,59.9,129554.792
140758,male,35,174.1,73808.971
140760,female,75,62.3,34702.532
140762,female,56,67.4,27628.888
140766,male,62,67.7,24132.109
140771,female,34,62.0,15924.766
140773,male,60,67.8,56002.901
140775,male,41,187.6,11576.694
140776,male,64,71.6,65444.812
140777,female,53,61.8,33041.193
140781,female,39,60.9,43567.358
140783,female,41,66.4,61759.776
140786,male,34,65.5,37626.999
140787,female,33,62.5,72324.74
140788,male,64,69.8,44555.624
140790,male,72,68.9,20081.076
140792,male,56,71.7,88408.55
140794,female,23,63.2,75280.399
140795,male,70,73.8,47314.789
140796,female,33,63.6,16356.681
140797,female,20,65.6,26889.721
140801,male,58,64.9,104569.683
140803,female,57,64.0,97541.012
140804,male,30,71.5,135476.596
140805,male,59,64.5,84759.033
140807,female,53,68.0,22999.78
140808,female,27,65.4,57777.418
140812,female,63,60.9,27893.33
140813,male,75,63.9,24361.804
140817,male,44,63.6,25238.97
140818,female,79,61.7,35478.23
140821,male,80,65.7,8252.09
140823,female,26,65.0,62973.843
140824,female,24,65.7,20819.832
140827,female,57,65.6,75105.572
140829,female,33,62.8,118176.644
140830,male,33,66.9,51168.519
140831,male,41,75.5,133024.993
140832,female,60,61.9,22736.97
140833,female,62,60.9,19586.743
140834,female,73,63.6,11976.704
140836,female,52,61.0,34933.913
140838,male,80,65.8,45372.658
140841,male,54,69.3,75831.018
140844,male,72,65.4,41496.154
140845,female,39,63.6,33739.996
140850,female,31,64.5,19258.884
140851,male,26,72.1,68662.473
140852,female,80,60.6,49504.048
140854,female,64,65.2,12432.473
140855,female,27,70.9,46785.078
140856,female,66,63.0,13504.21
140858,female,70,63.7,20794.036
140862,female,33,63.0,32037.042
140864,female,72,60.9,23388.414
140865,female,32,58.9,41605.808
140867,female,39,67.9,12348.063
140870,female,44,67.4,23369.131
140871,female,47,63.7,34412.683
140873,male,66,69.1,19439.716
140875,female,25,61.4,63550.447
140876,male,40,69.6,44551.642
140878,female,64,62.0,53702.653
140879,female,72,57.0,8852.726
140883,female,80,56.0,13786.187
140887,female,74,61.3,8317.351
140888,female,46,62.1,37056.466
140892,female,41,64.3,35093.848
140893,female,32,66.5,48039.692
140894,male,46,66.9,112777.07
140895,female,62,161.0,24426.532
140897,female,60,63.8,22568.231
140898,female,42,64.7,62887.509
140902,male,31,73.0,43151.921
140904,female,59,60.8,48146.103
140905,female,68,64.1,24834.329
140906,male,50,65.7,43853.111
140907,male,80,70.1,51951.545
140909,female,65,64.1,23691.722
140910,female,67,64.2,17488.012
140912,male,31,69.7,54018.438
140913,male,45,71.9,98423.636
140914,female,78,63.0,9787.854
140915,male,67,67.2,33361.753
140918,male,53,66.3,24026.804
140919,female,67,63.1,31555.357
140920,female,41,70.3,52939.612
140924,male,60,75.1,30323.664
140925,female,54,66.2,30457.54
140928,male,80,66.6,23201.866
140930,male,26,73.2,44144.973
140931,female,66,62.3,14935.366
140933,female,67,61.8,18954.827
140934,male,64,70.4,33792.827
140935,female,52,167.6,94316.406
140937,male,63,71.8,26408.6
140942,female,55,64.9,53119.957
140945,male,76,66.6,20173.22
140946,male,56,73.0,34622.564
140947,female,50,62.4,68280.471
140950,female,25,70.2,31155.835
140951,female,73,58.5,32330.859
140953,female,40,64.6,47830.509
140956,male,28,69.1,75035.331
140960,male,32,68.5,39664.499
140961,female,68,61.3,11142.133
140964,male,79,68.6,41085.45
140965,female,52,59.6,13880.361
140968,female,34,60.6,25252.287
140970,male,66,66.0,33518.275
140971,female,43,62.7,19605.641
140975,male,62,67.5,30758.746
140978,female,59,64.4,41226.833
140980,male,63,75.1,32678.321
140985,female,75,64.1,27865.324
140986,male,42,70.1,108375.704
140987,male,70,68.6,29801.421
140989,female,43,56.7,29932.453
140990,female,61,167.0,32514.8
140991,female,42,60.4,30570.06
140992,female,80,65.0,21569.729
140995,female,41,59.6,10810.634
140996,male,73,71.7,50152.69
140997,female,52,67.0,39111.801
141001,female,32,65.0,64193.663
141003,female,30,67.0,28518.409
141006,male,80,65.8,51951.545
141008,male,58,65.8,46249.601
141010,male,72,62.9,24446.786
141011,female,61,62.8,16963.016
141012,male,36,71.7,49337.129
141014,male,61,72.6,38221.682
141015,male,72,69.4,10791.98
141021,male,54,66.1,41814.442
141024,male,49,72.5,17785.945
141027,male,59,66.7,30122.075
141028,female,59,57.9,15639.616
141031,male,49,70.7,71892.17
141032,male,45,70.2,100601.592
141033,male,70,67.4,17279.119
141037,female,27,66.7,26473.821
141040,male,28,72.1,48208.937
141041,female,55,57.0,10602.532
141046,female,36,67.5,28368.577
141047,female,80,61.7,44483.576
141048,female,60,64.9,20330.007
141049,male,61,62.9,19177.708
141050,male,62,68.9,31890.696
141051,male,68,68.5,25454.551
141058,male,42,70.7,122774.027
141059,male,46,58.8,31618.366
141060,female,65,59.0,27169.277
141061,female,44,66.0,40562.989
141062,female,63,60.3,21305.794
141065,male,50,66.5,77238.945
141066,male,74,67.0,41450.601
141068,female,75,65.6,34674.332
141069,female,41,61.0,64422.924
141070,female,29,63.5,22201.755
141071,male,42,67.8,98719.61
141073,male,72,66.1,17342.878
141075,male,61,68.5,16353.614
141077,male,58,63.7,29029.503
141079,female,77,64.8,47531.718
141081,male,70,68.4,14843.939
141084,male,66,174.8,24311.616
141085,male,80,66.4,34831.99
141086,female,38,62.6,58101.707
141088,female,58,68.0,13358.379
141089,female,54,61.7,10074.235
141093,male,22,67.7,116138.276
141095,female,38,65.2,75242.774
141096,female,34,63.9,61677.066
141097,female,60,61.2,19952.374
141100,male,56,67.0,81689.626
141101,female,59,63.0,48368.687
141104,male,80,62.3,11562.84
141110,female,65,67.4,36976.045
141113,male,49,69.6,31536.937
141114,male,65,71.1,28260.192
141115,female,33,62.9,108080.949
141116,female,53,62.0,38294.513
141117,female,34,68.7,51977.238
141120,male,53,67.9,39767.629
141121,male,30,70.1,23242.35
141122,male,46,67.9,34916.9
141123,female,54,62.2,14628.72
141126,female,55,60.7,11319.658
141127,female,71,64.7,10966.527
141129,male,61,73.7,14671.393
141130,female,59,62.4,7574.748
141133,male,55,71.0,79900.575
141134,male,70,68.1,11009.494
141136,male,28,67.8,49779.401
141139,female,30,65.3,53846.483
141141,female,51,62.8,65063.978
141144,female,80,62.2,83955.121
141145,female,61,62.0,35128.881
141146,female,29,161.3,72984.805
141147,female,79,56.9,46135.119
141148,male,48,73.6,67802.824
141150,female,35,69.4,33764.609
141151,male,52,170.6,46572.826
141154,male,64,67.8,17170.505
141159,male,71,70.9,27798.612
141161,female,34,71.7,50917.879
141163,male,20,71.5,188403.863
141165,female,58,64.2,50472.835
141166,female,39,63.8,22625.868
141167,male,30,68.5,39960.576
141168,female,34,62.5,52495.957
141169,female,39,59.1,26974.443
141170,male,70,69.8,16218.354
141172,female,29,167.1,25007.132
141173,male,50,64.0,38207.082
141174,male,64,64.2,17110.637
141176,male,73,67.5,31382.794
141178,female,59,65.5,19972.585
141179,female,55,62.6,15490.309
141180,male,57,73.0,20559.797
141182,female,42,62.9,59236.314
141183,female,30,64.1,14646.636
141184,male,79,68.3,23968.431
141185,male,42,71.9,17147.803
141186,female,71,59.5,87498.127
141187,male,74,73.2,41420.481
141188,female,80,62.8,24225.247
141189,female,34,64.3,12987.604
141193,male,37,65.5,36747.714
141194,male,57,71.1,100361.365
141196,female,54,63.0,24440.029
141197,female,39,64.2,23886.151
141199,male,68,64.3,18297.134
141204,male,20,68.6,51669.232
141205,female,71,64.1,30209.237
141208,male,59,70.0,52766.274
141210,male,80,69.3,22156.36
141211,female,78,62.4,27297.366
141213,male,41,73.4,45693.498
141215,male,55,69.1,19218.539
141216,male,32,69.1,20158.654
141218,male,72,63.8,21645.972
141224,female,33,63.7,15450.369
141225,female,67,59.1,13289.27
141227,female,50,60.0,17442.343
141230,male,32,66.8,26503.089
141232,male,53,70.7,29224.71
141234,male,49,64.8,14281.198
141236,male,72,65.7,15981.929
141238,female,50,65.9,18376.415
141244,female,53,61.7,26095.9
141247,female,55,65.7,135718.114
141249,female,45,67.6,56136.663
141250,male,69,66.0,4581.595
141251,female,80,59.1,64655.462
141252,male,56,72.4,16006.024
141253,male,53,69.0,41569.785
141260,male,80,73.9,33033.075
141261,male,51,66.3,29856.595
141262,female,42,59.3,34847.498
141263,female,31,66.3,32740.29
141264,female,50,61.8,18791.274
141267,female,55,60.7,32134.322
141269,male,48,71.8,13268.044
141270,female,67,61.2,14605.173
141271,female,75,64.2,51660.251
141273,female,47,61.9,46699.147
141274,female,28,62.4,42852.622
141275,female,61,67.4,14296.992
141276,male,31,71.8,32205.571
141277,female,65,64.4,14701.948
141282,male,58,73.4,16436.299
141283,female,61,64.4,18912.666
141285,female,38,62.8,31568.275
141287,male,71,64.1,25954.879
141290,male,62,69.0,20019.74
141291,male,64,72.8,9332.052
141293,male,23,68.4,50195.512
141294,female,68,63.5,9277.714
141295,female,61,63.5,18191.051
141296,female,50,60.9,18846.744
141297,male,33,67.7,49163.826
141298,male,49,70.3,25016.306
141300,female,31,65.5,37222.519
141301,female,70,61.4,43182.449
141302,female,77,66.8,19162.176
141303,male,62,77.6,19220.46
141305,male,71,70.8,17240.686
141306,male,45,73.4,24972.904
141307,female,66,63.2,17264.604
141309,male,55,70.6,170875.8
141311,female,74,64.7,44358.46
141315,female,47,65.0,34727.939
141317,female,61,70.6,13893.355
141318,male,30,71.0,81716.917
141319,female,24,65.0,91603.002
141323,male,71,71.1,26283.576
141324,female,26,66.5,55316.307
141325,female,30,62.2,72924.376
141328,female,61,62.2,19757.453
141329,male,32,69.2,127908.381
141330,male,61,183.7,24173.075
141334,male,79,71.2,18208.979
141335,female,71,67.6,19620.718
141337,female,32,63.5,32870.731
141345,female,31,64.8,40847.023
141347,female,39,60.8,25283.217
141348,female,69,158.0,24834.329
141349,male,74,71.5,51686.818
141353,female,56,58.8,56485.402
141354,female,69,59.4,39375.946
141357,male,71,64.5,20411.76
141358,female,67,166.2,22111.483
141362,male,42,71.0,22104.416
141365,female,72,62.5,14945.57
141366,male,53,67.7,30738.197
141368,male,48,67.7,34261.964
141370,female,75,61.7,42321.592
141372,male,68,64.3,17084.757
141374,female,30,60.8,18237.369
141375,female,49,164.7,35237.583
141377,male,74,65.6,32767.939
141378,male,35,71.1,70579.353
141379,male,34,69.9,38017.019
141381,male,50,70.1,73942.512
141383,male,20,73.0,87689.488
141385,female,23,63.3,91062.17
141386,female,60,61.7,31148.892
141387,female,40,62.9,18424.358
141389,male,66,65.0,10081.188
141392,female,80,59.3,21539.694
141393,female,62,67.2,30854.639
141395,male,59,65.1,37310.688
141396,female,40,64.6,44604.618
141398,male,67,63.8,28898.646
141399,female,72,64.1,20505.54
141401,female,58,64.5,32485.006
141403,male,55,70.5,19998.216
141405,female,70,59.8,27653.23
141407,female,64,69.0,29626.38
141408,female,42,62.6,28023.623
141412,male,63,67.3,29587.056
141413,female,22,67.6,48510.128
141415,male,68,68.4,13617.296
141417,female,56,67.5,11942.512
141418,male,32,65.0,66369.036
141420,male,61,74.4,22179.379
141424,male,71,70.9,32910.725
141425,female,31,61.9,15693.022
141426,female,34,59.1,36374.74
141428,male,32,66.6,39415.179
141431,male,65,65.5,19239.894
141435,male,35,68.8,21992.4
141439,female,57,63.7,54567.12
141441,female,56,67.1,136583.877
141442,male,29,66.7,74914.834
141444,female,29,66.0,17500.909
141445,female,49,59.1,48269.149
141446,female,52,66.0,60274.229
141447,male,21,67.4,41394.539
141448,female,80,59.5,63195.597
141450,male,74,70.8,33176.193
141453,female,35,64.1,19064.886
141454,male,25,60.2,157910.979
141459,female,79,63.0,35324.535
141462,female,38,60.6,74503.713
141464,male,43,68.3,153242.961
141467,female,59,62.4,36278.482
141468,male,61,69.8,30230.309
141469,male,64,72.6,8880.029
141470,male,72,65.2,14147.825
141476,female,35,60.2,29507.655
141477,female,77,56.7,18415.555
141478,female,40,160.8,33219.071
141479,female,62,61.9,17036.648
141482,male,20,68.3,121010.8
141483,female,71,60.4,17509.53
141484,male,36,72.4,24322.903
141485,female,65,72.3,42481.951
141487,female,74,61.6,46603.526
141489,male,59,69.6,82722.236
141490,male,71,64.5,11879.743
141495,female,74,63.9,20207.547
141496,female,41,60.7,28421.442
141497,female,46,61.1,87279.958
141499,male,64,66.1,52800.998
141500,female,38,64.5,57339.645
141501,female,32,65.6,20665.126
141502,male,80,60.9,17963.558
141503,female,62,62.5,16311.631
141505,female,24,63.1,36117.016
141507,female,41,64.6,29265.964
141508,male,68,68.5,56434.028
141510,male,35,64.4,40594.875
141511,female,73,62.0,41061.187
141515,male,53,166.6,41682.454
141520,female,68,62.8,11665.349
141521,female,26,62.4,97680.821
141525,female,31,64.4,43404.687
141528,male,26,72.3,42668.239
141529,female,48,58.7,56255.101
141537,female,42,64.5,38398.58
141538,female,70,64.8,30237.884
141540,female,74,64.3,20833.518
141547,female,53,64.7,43815.631
141548,female,60,60.6,11082.632
141549,female,48,65.5,80078.14
141550,male,34,68.5,35799.38
141553,female,24,65.8,82791.9
141555,male,60,73.6,7905.38
141557,female,59,63.3,17136.796
141558,female,39,66.2,52959.969
141561,female,66,62.3,13058.408
141564,female,72,63.8,38015.202
141567,male,59,66.2,15013.484
141568,female,72,60.9,15384.027
141570,female,80,57.0,27713.102
141573,female,37,61.3,16961.246
141574,female,23,63.2,29220.241
141575,male,26,69.8,62627.04
141576,female,73,58.7,27134.494
141577,male,64,72.6,47754.476
141578,male,60,68.6,7975.371
141579,female,68,63.5,77727.227
141580,female,68,63.1,32916.306
141581,female,62,59.6,13272.151
141585,female,54,67.6,86548.38
141588,female,65,65.1,28449.997
141589,male,32,69.5,60802.084
141591,male,57,69.8,44360.862
141592,female,33,65.7,126480.397
141593,male,61,73.1,20888.231
141594,male,48,67.9,39941.425
141595,female,43,68.7,27759.082
141596,male,71,66.4,41165.405
141597,male,74,67.1,22339.538
141600,female,26,63.3,52551.261
141602,female,32,62.4,67889.63
141608,male,62,71.3,49440.147
141612,female,32,64.8,50775.037
141614,female,52,60.6,25733.513
141615,male,58,67.0,41136.384
141617,male,27,70.9,49477.549
141621,male,58,70.2,39159.258
141625,female,74,62.3,36454.526
141626,male,38,72.0,28941.235
141627,male,72,68.9,7420.179
141628,female,58,64.8,18048.923
141629,male,41,66.5,27685.624
141631,female,77,61.7,16372.259
141634,female,59,65.9,45542.566
141635,female,53,62.1,10311.903
141636,male,75,66.1,15008.09
141640,male,27,67.3,17757.581
141641,male,36,71.5,35383.525
141642,female,67,152.7,20023.636
141644,female,57,67.5,39894.268
141645,female,69,63.2,52961.769
141648,female,33,60.2,11456.105
141654,male,62,68.9,58649.939
141655,female,20,61.7,146343.694
141660,female,67,63.8,11062.258
141661,female,31,62.3,82958.726
141663,female,80,62.5,20777.892
141664,male,59,69.9,42717.462
141665,female,66,65.3,28947.574
141669,female,30,64.8,45282.12
141672,male,46,69.3,31602.836
141673,female,54,65.7,107684.496
141675,female,68,66.7,35072.319
141676,male,58,74.8,41035.967
141677,male,61,66.5,32823.939
141678,male,55,71.1,20185.07
141680,male,71,69.6,29893.594
141681,female,39,59.4,52255.086
141684,female,54,64.9,36748.366
141689,female,49,64.9,36711.326
141691,female,55,63.0,25471.835
141696,male,58,69.8,44586.863
141701,female,63,60.9,29894.786
141703,male,27,73.0,48370.088
141706,male,68,71.2,21809.092
141709,female,63,62.9,16790.513
141710,female,72,60.2,17990.604
141713,male,59,69.1,29078.217
141714,female,50,67.0,101271.566
141715,male,66,63.8,25640.558
141717,male,63,74.4,16509.694
141719,male,80,63.0,35508.075
141721,female,80,64.1,66347.87
141723,female,41,164.5,51400.841
141728,female,47,63.1,153608.97
141731,female,68,62.2,16588.545
141732,male,65,70.0,41459.881
141734,female,75,157.6,13095.869
141735,female,33,60.2,106578.08
141736,female,42,66.6,36503.208
141737,male,51,72.4,82106.827
141742,female,26,71.2,70536.748
141745,female,60,61.5,18136.336
141746,female,80,57.8,30264.466
141750,female,59,61.8,108900.195
141756,female,72,62.0,16241.342
141757,male,61,66.3,58523.188
141760,female,74,55.8,22680.631
141762,female,77,61.5,11019.88
141763,female,36,62.5,10805.478
141765,female,59,66.8,25344.044
141769,female,46,64.6,79247.266
141770,female,36,69.2,22730.09
141771,male,37,66.3,17817.334
141772,male,71,70.8,30811.894
141773,male,64,70.7,25468.072
141774,male,62,62.2,15649.957
141777,male,29,66.6,90746.364
141781,female,67,67.5,8710.847
141783,male,59,66.8,17420.095
141785,female,64,61.6,13066.965
141790,female,59,67.4,25452.9
141791,female,60,61.0,48134.06
141793,female,69,63.2,15518.654
141795,female,39,62.8,21769.562
141796,male,66,72.6,42996.079
141802,female,23,64.8,60517.708
141803,male,25,66.4,44778.27
141805,female,73,69.4,31040.155
141811,male,60,67.5,15790.916
141812,female,55,66.7,15246.383
141813,male,44,65.6,32130.576
141815,male,73,70.8,27386.477
141818,male,28,71.2,30300.274
141821,male,71,69.1,17229.043
141824,female,50,61.7,58007.586
141826,male,68,69.5,23030.816
141827,male,20,68.8,113245.979
141832,male,50,170.1,42359.952
141834,male,40,68.4,60330.516
141842,female,43,59.3,73166.589
141843,female,60,57.9,36920.482
141844,female,45,68.8,15788.085
141845,female,53,68.0,127064.541
141846,female,77,62.7,36633.7
141847,female,59,65.3,43927.316
141848,male,44,69.9,29958.966
141850,female,70,61.1,30995.771
141851,male,24,76.4,26444.646
141856,female,30,66.7,17438.302
141858,male,69,73.8,14944.988
141860,female,62,65.5,65197.682
141861,female,69,64.6,27416.674
141862,female,34,65.5,84352.871
141863,female,25,66.1,40394.045
141866,male,72,67.5,21900.727
141867,female,80,65.4,31480.161
141869,female,44,65.4,26469.453
141871,male,24,69.2,29718.659
141872,female,35,61.3,43034.227
141873,female,26,63.5,34384.5
141875,female,54,67.4,32035.664
141880,female,78,66.7,18278.796
141882,male,60,69.3,17410.365
141884,female,47,68.3,43336.372
141885,female,70,57.5,24398.71
141886,female,62,166.2,18506.27
141889,male,33,72.2,63062.451
141894,female,80,55.1,54491.596
141896,male,25,75.5,110134.694
141901,female,30,65.2,23969.291
141903,male,56,68.0,165176.876
141908,female,77,59.5,16501.678
141910,female,60,64.6,18421.712
141912,male,60,68.4,23542.634
141913,male,65,68.0,17208.256
141914,male,35,68.2,23103.083
141915,male,79,63.5,39889.782
141916,female,27,61.6,58505.373
141918,female,67,63.3,74397.005
141921,female,64,63.0,34488.402
141922,female,74,61.9,18035.909
141923,female,37,62.7,15988.414
141924,male,34,62.3,33521.243
141932,male,59,73.5,43073.755
141933,male,34,72.0,110704.835
141934,male,71,69.5,52717.135
141938,male,37,71.5,34122.487
141941,female,66,62.4,20211.664
141944,female,72,60.7,22451.934
141949,female,50,62.8,27180.687
141951,male,60,64.9,9790.749
141952,female,63,61.5,22545.69
141957,male,64,71.9,20964.063
141958,female,76,60.8,38649.33
141960,male,41,64.1,153234.649
141961,female,28,66.2,62758.293
141963,female,80,62.8,30609.496
141966,male,62,67.6,15051.592
141967,female,68,66.9,35184.455
141968,female,75,59.9,33983.359
141969,female,80,62.4,25707.033
141971,male,32,66.5,37364.388
141973,female,54,64.6,37426.116
141974,male,65,70.5,34687.973
141975,male,70,68.4,17572.951
141976,female,64,63.5,21548.703
141977,male,55,71.4,11503.627
141981,male,21,69.2,38601.056
141985,female,67,60.4,11564.107
141987,female,37,67.8,38546.932
141989,female,79,60.2,28556.894
141992,male,31,67.2,41716.874
141993,female,58,63.5,46340.372
141994,female,67,67.2,21219.202
141998,male,52,62.2,21553.126
141999,female,60,60.7,17932.687
142002,female,64,66.8,52815.92
142007,male,71,66.8,46451.28
142011,female,33,66.1,52716.143
142015,female,73,59.7,38150.904
142016,male,68,72.7,11639.329
142019,male,80,65.7,57406.778
142020,female,65,63.1,33094.586
142021,male,80,68.4,16427.348
142024,male,74,72.6,18130.86
142025,female,71,63.9,16831.019
142030,female,24,66.3,216118.708
142032,female,22,66.1,67680.997
142033,male,78,68.6,18722.291
142034,male,45,174.0,81011.152
142036,female,67,62.1,20671.404
142037,female,75,60.9,27475.167
142038,female,23,63.0,59671.809
142039,male,58,70.5,18408.814
142047,female,40,66.3,39186.565
142048,male,21,72.0,218609.894
142050,male,48,72.0,126957.138
142051,female,51,63.0,136584.353
142055,female,60,64.4,46242.478
142056,male,27,68.9,86871.462
142057,male,33,70.4,64346.074
142058,female,63,63.0,31495.562
142060,female,43,61.1,52883.178
142062,female,67,63.1,14698.391
142063,female,33,66.5,75392.444
142066,female,64,65.4,27684.954
142067,male,76,65.6,22638.972
142068,female,27,66.7,13262.776
142069,male,59,66.2,32191.172
142074,female,32,66.1,43094.997
142076,male,77,71.2,29345.14
142077,female,80,62.0,24576.076
142078,female,69,62.8,34548.641
142079,male,56,72.0,15500.583
142084,female,57,68.8,90929.786
142085,female,80,57.8,47744.208
142088,female,47,65.2,18246.987
142091,female,35,65.5,30386.486
142095,male,60,61.8,32352.798
142103,female,66,58.1,10063.943
142105,female,71,66.2,31663.094
142106,female,40,63.7,65217.691
142107,male,61,66.2,18240.775
142110,female,67,64.4,21556.124
142112,female,39,64.6,29100.001
142115,male,34,72.4,74641.965
142117,female,29,68.5,105024.058
142120,male,21,67.1,57151.954
142122,female,24,67.2,90288.533
142129,male,24,70.1,44907.373
142132,female,62,62.8,16585.825
142133,male,61,63.5,73013.152
142143,male,44,72.6,39850.478
142145,female,23,66.5,56651.343
142148,male,36,65.2,28076.557
142151,female,65,58.8,8824.556
142152,female,53,64.0,19727.476
142155,female,51,62.8,12829.128
142157,female,44,58.2,14484.36
142161,female,78,60.4,22317.346
142162,male,78,71.1,19251.569
142164,male,62,70.9,49479.11
142169,male,65,69.5,22662.1
142170,female,57,64.4,22343.581
142171,male,31,68.1,57095.907
142172,male,75,64.0,41165.405
142176,male,65,71.0,13163.133
142177,male,51,65.9,67217.966
142178,male,42,63.6,32206.114
142179,female,24,164.5,87205.821
142182,female,65,66.1,44846.919
142185,female,69,64.1,27932.868
142186,male,68,64.9,22902.853
142191,female,77,64.1,22459.048
142193,male,66,69.0,31170.249
142196,male,80,64.3,37808.447
142197,male,80,64.3,12618.406
142198,male,68,70.3,67956.218
142200,male,75,70.6,17889.317
142203,male,59,67.3,19472.924
142204,male,80,64.6,19718.631
142205,female,57,65.7,55865.158
142206,male,60,69.6,19862.677
142208,female,28,62.6,47546.044
142211,male,50,70.7,25818.606
142212,female,71,66.1,37419.928
142213,female,59,60.5,40504.453
142214,male,61,68.2,37929.146
142215,male,48,66.9,76494.976
142216,female,57,67.5,135551.638
142218,male,24,63.7,87349.588
142219,female,76,63.1,65090.441
142221,male,69,68.0,26292.647
142226,female,46,64.1,29842.661
142227,female,68,66.4,36388.833
142228,male,77,68.8,50554.816
142230,male,43,70.3,49843.206
142232,female,62,60.9,22329.967
142236,female,62,61.2,26765.869
142239,female,68,60.9,50056.022
142241,male,51,68.3,134009.453
142242,female,70,61.2,35954.181
142243,male,78,68.2,21226.276
142245,female,67,63.9,16732.35
142247,male,43,70.4,72045.117
142249,female,54,60.0,92358.23
142252,male,61,72.0,55482.575
142253,female,74,62.4,11954.687
142255,female,70,63.5,53500.516
142258,female,80,61.0,34718.223
142259,female,64,66.3,30908.083
142263,female,44,64.9,28314.196
142264,female,63,62.6,16541.206
142266,female,66,66.9,30566.663
142267,male,57,69.6,56901.994
142268,male,32,70.8,43789.135
142278,female,51,65.4,13636.168
142279,male,72,69.7,30229.264
142280,female,23,67.5,62536.367
142283,female,29,67.4,141574.175
142284,male,57,74.1,108462.442
142286,male,70,67.6,38786.438
142287,male,70,68.2,31382.794
142288,female,54,62.5,31381.453
142289,female,68,58.6,23168.088
142290,male,60,69.9,74603.028
142293,male,44,67.2,76811.765
142295,female,80,66.3,42736.476
142298,male,60,66.9,47208.199
142299,male,33,70.3,162250.214
142300,female,46,59.8,30517.129
142301,female,80,64.7,17561.693
142302,male,70,63.6,21064.211
142303,female,69,62.7,47087.576
142305,female,76,59.6,43483.408
142307,female,49,56.6,64962.329
142308,male,50,68.2,44367.534
142309,male,40,70.5,46249.362
142310,female,80,63.7,49647.225
